customer_id,age,gender,number_of_transactions,total_spent,avg_transaction_value,total_items_purchased,gender_numeric,Segment
0,56,M,15,9429.631489112107,441.39342950676985,180,0,2
1,69,M,7,8746.032951066094,378.7233624314556,108,0,2
2,46,F,9,1701.4656923858852,341.47092697831465,53,1,4
3,32,M,48,7884.131971895235,408.30826800328447,128,0,3
4,60,M,8,5788.415084945889,389.310365717772,180,0,2
5,25,F,23,5709.0960854970435,66.172403714699,158,1,1
6,78,M,29,3971.3233542759267,227.63045923017265,161,0,3
7,38,M,18,5061.414691901897,468.8632837924204,57,0,2
8,56,M,31,4032.0698965491893,106.5759210465018,52,0,3
9,75,M,30,5443.352925723434,381.69344769442307,137,0,3
10,36,M,39,6316.705522449095,488.56631510089835,182,0,3
11,40,F,35,6775.607683449579,73.48938307023724,111,1,1
12,28,M,18,5371.563806338319,356.9872462819747,1,0,2
13,28,M,42,7242.078466554444,260.66936358546366,44,0,3
14,41,M,39,1498.6526878275074,310.62886491862497,75,0,3
15,70,M,17,2198.6266599321616,88.40360141794619,98,0,2
16,53,M,14,8205.476540335274,69.35312834012277,9,0,1
17,57,F,31,3293.0269806795104,350.08999724791477,32,1,4
18,41,M,24,326.64886726359043,420.48924341932303,15,0,2
19,20,F,35,1622.532381713508,401.9069007198353,140,1,4
20,39,F,44,2313.782901513481,294.71257753980683,185,1,4
21,70,M,45,9577.496590156414,94.94006951128017,136,0,3
22,19,M,34,5773.110146415408,359.61999972620623,72,0,3
23,41,M,3,9334.034330714923,158.84999759936568,155,0,1
24,61,M,37,5794.117169916587,459.98091624532265,190,0,3
25,47,F,43,4845.608957364732,427.2194117955672,12,1,4
26,55,M,40,3205.904142821551,369.2223351893259,65,0,3
27,19,M,26,6103.072349890418,476.9806801240087,107,0,2
28,77,M,23,1478.0604437135453,64.13981968007282,42,0,3
29,38,M,44,8992.79011019779,381.2901912773429,190,0,3
30,50,M,39,8310.390810898709,198.6092507013824,115,0,3
31,29,M,15,3243.561333979697,457.72964855886437,139,0,2
32,75,F,49,9532.695523252814,170.00383849788992,103,1,1
33,39,F,4,8269.487597414125,376.1854246917577,171,1,0
34,78,M,29,6696.438169766893,444.9411588428516,95,0,3
35,61,M,22,1305.4429201402204,68.7455682722071,17,0,3
36,42,M,25,4834.516828175915,228.94141081641627,160,0,3
37,66,F,13,5110.464792982833,393.0390644098724,85,1,0
38,44,M,18,2402.258447817263,254.7135002784142,168,0,2
39,76,F,33,891.6574041570892,170.2636834071179,151,1,4
40,59,M,16,7789.563941669758,148.9124069704355,56,0,2
41,45,M,45,1308.1470160315107,109.18322011237007,134,0,3
42,77,M,42,5983.478430561569,435.70830193532703,86,0,3
43,33,M,44,9370.84682144824,308.90993146320017,178,0,3
44,32,F,2,8773.441406720622,84.37322524615519,102,1,1
45,79,F,35,2849.7509751176854,222.16114560678594,165,1,0
46,79,M,42,8529.341511757526,215.48014286229946,192,0,3
47,64,M,34,103.29181059284512,131.78263581925836,54,0,3
48,79,F,30,275.1093151712465,245.97843146248582,177,1,0
49,68,F,13,6065.276322044363,199.4447144269114,115,1,0
50,61,F,13,3711.502369530842,203.81166747148214,139,1,0
51,72,F,18,3925.962327475557,382.5619510045814,88,1,0
52,69,M,32,5687.9667977209365,150.46852347733835,49,0,3
53,74,F,32,1998.6463103594197,338.8369814849099,149,1,0
54,20,M,35,2196.3779715882356,306.7923307464207,115,0,3
55,54,F,39,4897.555711486761,305.6416305520403,194,1,0
56,68,F,46,7567.110089004244,348.35330576379914,63,1,4
57,24,F,29,6233.027738935118,296.7719162880443,104,1,1
58,38,F,49,3043.814977544705,445.6648016808731,83,1,4
59,26,F,29,4360.33805733832,354.0110413776169,103,1,4
60,56,M,44,1789.5811096449843,296.1334631171246,156,0,3
61,35,M,16,838.835161937109,423.39340412944017,17,0,2
62,21,F,44,7848.690803367077,322.7659542200659,6,1,1
63,42,F,47,2727.3353509631265,181.01491150333055,147,1,4
64,77,M,10,1859.8872397273572,143.19271317945703,184,0,2
65,31,F,30,6947.018750136262,118.54750354820546,28,1,1
66,67,F,25,6218.711575443142,454.7548456457457,194,1,0
67,75,M,39,6368.577297533294,369.56094430912964,38,0,3
68,26,F,20,2366.056587981475,471.82029717394437,119,1,4
69,43,F,5,2403.190831770542,321.48131257172435,37,1,4
70,70,M,1,2285.9460348778275,263.03039667271065,115,0,2
71,19,M,30,1820.1506970567157,76.8724200369002,68,0,3
72,37,M,49,6591.664358360397,352.2390266957134,177,0,3
73,45,F,3,8495.357263969074,311.99394189570404,43,1,1
74,64,M,45,7270.742949798946,495.59400211442966,164,0,3
75,77,M,14,7941.726974229377,157.62145000200937,58,0,2
76,24,M,30,4107.504447943478,288.8318098790761,13,0,3
77,61,M,4,6575.350374182782,342.9308008031327,52,0,2
78,78,M,18,3606.9387804032676,340.06602863405465,58,0,2
79,25,M,37,5302.495757489536,302.5820943267812,32,0,3
80,64,F,25,4868.184980695137,399.6176046472515,105,1,0
81,52,F,48,1851.1827369241585,142.24154428706737,188,1,4
82,31,M,1,3932.079727322745,376.53224012348716,83,0,2
83,34,M,46,9641.840527275275,328.88055714489013,186,0,3
84,53,M,15,2560.9445513779265,453.233800307558,99,0,2
85,67,F,9,1424.6569891669383,431.23749756511177,104,1,0
86,57,F,15,4243.948154076959,191.81616760964897,184,1,0
87,21,F,49,7924.3435850154665,174.3067962388189,28,1,1
88,19,F,24,5863.267474821725,491.74399573360154,129,1,1
89,79,F,4,6841.650789658621,287.26933141186544,170,1,0
90,23,F,12,1977.9789969293042,457.88943376149655,48,1,4
91,71,F,37,6227.587110776443,123.74646070121699,40,1,4
92,59,F,37,3302.65390962359,339.26851166007845,97,1,4
93,21,F,43,8359.603322952198,414.4370843122638,191,1,1
94,71,M,6,6330.058179506288,476.32786231390105,114,0,2
95,46,M,39,2068.6771499754295,201.80306345766056,132,0,3
96,35,M,46,739.7051304564528,376.2415264658236,166,0,3
97,43,M,24,522.0687719416242,292.46585406782856,155,0,2
98,61,F,11,3776.944819736393,77.28301672991068,137,1,0
99,51,F,13,2731.9262528777035,360.4998817890245,111,1,0
100,27,M,34,6496.292222278829,360.54345120702953,144,0,3
101,79,F,25,5043.404966288321,468.7730621809417,184,1,0
102,53,M,7,2733.590852253269,273.7906007760376,76,0,2
103,31,F,4,1577.4540017067436,153.6129143197316,31,1,4
104,48,M,8,1359.277650605751,70.05372055190563,119,0,2
105,65,F,20,8660.137882190134,237.03898400865756,142,1,0
106,32,F,29,2510.431887208186,185.86251503487583,25,1,4
107,25,M,45,6551.9354143185865,392.489737710744,34,0,3
108,31,F,46,8125.790687064036,209.42049417847096,67,1,1
109,40,M,10,6179.4049807288875,477.0820383416798,152,0,2
110,77,M,43,8609.695793304763,483.0395913445029,118,0,3
111,74,M,34,3984.6978431318976,329.4088655979686,73,0,3
112,79,M,26,9566.599687424588,467.8971291566973,26,0,2
113,57,F,41,1418.1355413631597,392.38445503152303,148,1,4
114,38,F,49,1111.2803436096272,296.0868384388068,192,1,4
115,33,F,3,6621.052247453691,131.13857094025013,104,1,1
116,62,M,6,9434.02829999129,256.369074581228,10,0,2
117,35,F,5,8107.946270199648,302.39350851317795,67,1,1
118,64,M,5,856.5269084367092,438.7827113307546,152,0,2
119,70,F,47,2865.740367953692,266.6000194410492,5,1,4
120,41,F,23,9310.156959894453,453.95360270508047,195,1,0
121,43,F,49,2605.278484727767,353.457040560561,186,1,4
122,42,M,9,7833.587195490501,111.64957837415213,27,0,1
123,77,F,35,8268.808739694166,497.74161619629183,113,1,0
124,77,F,20,5004.97582426372,287.2546973392607,15,1,0
125,77,M,49,3924.8542074983234,226.3362333840855,163,0,3
126,62,F,42,4556.23188095562,346.6011940112869,105,1,4
127,58,M,35,2346.9504742171052,99.00199129146759,181,0,3
128,46,F,18,8904.970069675557,336.44239103900946,44,1,1
129,32,M,17,4561.134601624603,274.20620022467284,26,0,2
130,62,M,24,8836.348460515388,233.00333149936242,175,0,3
131,18,F,3,1146.3654510721135,478.85900953050464,162,1,0
132,42,M,32,9883.925182901301,285.1428725294239,95,0,1
133,24,M,35,4488.40356569182,148.6028657614723,178,0,3
134,26,M,38,573.5251219016441,256.5335657197844,84,0,3
135,41,M,13,476.4162975508036,463.72433205770267,140,0,2
136,18,M,47,7487.451849070202,129.2429620987676,132,0,1
137,61,M,25,6624.451788616439,146.2806674097066,87,0,3
138,25,F,9,8041.0925254631165,55.86330549068769,176,1,1
139,41,M,4,1143.138586132779,56.38552222809523,183,0,2
140,28,M,14,452.15158365192866,423.2262321313306,112,0,2
141,68,F,37,5134.934965531027,379.4551730793301,129,1,0
142,34,F,34,3937.1927916794184,209.76847540338122,89,1,4
143,25,F,11,4673.274673042462,364.24002075240776,66,1,1
144,52,F,41,9916.725247815713,227.84266683948658,158,1,1
145,52,F,3,9710.424580939634,478.8035581990224,131,1,0
146,50,F,28,9428.92235776461,485.1737066417157,122,1,0
147,76,F,29,7860.0424999999705,226.75719911420452,149,1,0
148,22,M,9,3612.929466543215,434.3998578533906,84,0,2
149,59,M,3,4180.096209601439,397.8900687638598,177,0,2
150,56,F,25,5541.198832817352,189.4999717273052,116,1,0
151,75,M,34,8322.291118407915,154.4179230054977,190,0,3
152,58,M,12,780.2570419308508,256.20559267677527,116,0,2
153,45,M,42,4300.539170260392,401.60697827648283,38,0,3
154,24,F,9,917.91486824676,482.07550312793546,143,1,0
155,26,F,15,5195.110107077765,393.61058098995767,110,1,1
156,25,M,40,8999.118157661731,434.8431432582665,180,0,3
157,29,F,25,7846.6007531829855,321.37893777673247,46,1,1
158,51,M,5,2355.6399336767886,425.93352387895663,25,0,2
159,50,M,11,9762.309411028045,402.98938610153795,21,0,2
160,65,M,34,6706.768940659641,219.64349386682605,121,0,3
161,72,M,24,203.23422403429038,298.39563595432446,122,0,2
162,40,F,15,2628.5934983836732,412.13890489536266,133,1,0
163,79,F,38,2681.061669207174,70.72553038548037,70,1,4
164,41,F,8,785.6176322300133,413.63567706012344,113,1,0
165,54,M,5,9602.282528951697,130.04965582206054,107,0,2
166,52,F,48,4834.7274163016455,281.60762770464754,112,1,4
167,61,M,26,8968.564513981632,413.7239478001719,108,0,2
168,57,F,18,3289.933484101821,164.21948517051268,47,1,4
169,39,M,6,1339.8123472849886,160.61334768776885,196,0,2
170,44,M,37,4795.9274880715175,231.24397930801334,91,0,3
171,52,M,48,1228.1706836717399,452.58925890993555,18,0,3
172,18,F,13,4911.553479477645,50.19925164674355,149,1,1
173,52,F,28,9210.942094072136,455.6223934888707,104,1,0
174,54,F,5,5255.604604158706,119.2131610887235,151,1,0
175,64,F,13,6203.347296261327,495.5388692303669,192,1,0
176,31,M,17,1650.7205260407022,479.68114686731064,195,0,2
177,20,F,40,532.9826962116979,272.6038353160775,40,1,4
178,18,F,45,1196.9988255800897,280.7241115156827,138,1,4
179,22,M,32,6025.46259927522,266.69720312413443,89,0,1
180,43,M,29,1040.615820023816,335.9496405467852,180,0,3
181,72,M,3,3822.329610418983,90.82476600571897,61,0,2
182,31,F,40,5545.910210535744,64.67807675370493,192,1,1
183,56,M,34,3947.6627064354857,75.96631778715448,5,0,3
184,44,M,40,1720.4696345064847,249.96440715868147,122,0,3
185,26,M,27,2810.5339443896546,173.99657264876754,181,0,3
186,32,F,13,9290.343575200912,329.9178030669472,55,1,1
187,32,M,45,6792.224528304918,496.5990302186505,37,0,3
188,43,F,33,5010.873602930877,223.84542788440965,56,1,4
189,59,F,6,225.87741087024582,308.228564347031,187,1,0
190,77,M,24,9924.912464845755,237.02175315830098,102,0,3
191,30,M,19,6747.403855456968,431.2722504748367,93,0,2
192,68,F,16,3237.5325257149548,456.00638155800715,197,1,0
193,49,M,40,8804.759733978599,444.810025492367,73,0,3
194,56,M,28,2658.473040888999,488.4675074056659,59,0,2
195,66,F,33,5485.764133909241,62.38363331318688,2,1,4
196,69,F,48,6397.100560925268,427.91727296548896,193,1,0
197,78,M,41,2288.5273773919116,388.29747786759197,104,0,3
198,49,F,13,9786.1330601259,152.91248423016415,188,1,1
199,21,M,43,7507.099869192076,480.3440420243874,51,0,3
200,47,M,45,5622.350932559592,116.68006770347546,30,0,3
201,54,M,25,1887.8865219354786,355.7974672102588,11,0,2
202,40,F,42,633.1962492804587,151.20059756716063,108,1,4
203,56,M,36,3268.592341957736,244.1212919483336,76,0,3
204,62,M,27,7556.554625542688,373.62195362505605,167,0,3
205,32,M,38,2766.3798531900484,303.496088914871,90,0,3
206,60,F,7,5441.6065829055005,242.37582409765028,123,1,0
207,46,F,5,7306.677049634357,196.85229391939424,191,1,0
208,53,F,43,1168.642774999997,427.84684506895564,192,1,4
209,30,F,45,6884.450359547146,114.71645764166617,189,1,1
210,49,F,31,1009.5217883294425,243.54629443841003,125,1,4
211,24,M,23,9654.784447057265,456.69090729881395,182,0,1
212,76,F,42,4935.101887642902,430.63229770698547,122,1,0
213,68,F,10,1591.6934663277862,230.423793112871,94,1,0
214,39,F,32,3489.5979967321105,393.39876362058874,103,1,4
215,45,M,43,4192.822848023088,420.42237381898667,186,0,3
216,19,F,30,7606.03160965772,449.99934080163337,184,1,1
217,59,F,39,7459.895482158432,295.0275960721526,162,1,0
218,62,M,31,6158.211002839577,142.00739872462032,31,0,3
219,79,F,18,1148.7140543290802,164.88908442676924,52,1,4
220,74,M,36,1600.5367787179684,183.0626033187219,89,0,3
221,70,M,2,1028.1935143910105,317.211116364327,76,0,2
222,23,M,14,5814.010554546746,64.7643308578738,129,0,1
223,45,M,13,8783.670570962899,336.21911095098574,183,0,2
224,45,M,29,4394.625071322241,213.9594072927044,22,0,3
225,61,F,12,1692.3969221816874,182.85881112033897,40,1,4
226,61,M,39,5624.619018974773,445.77345682765684,101,0,3
227,37,M,2,8136.346946970528,257.0010780113595,111,0,2
228,47,F,32,7442.949408978007,92.77387048971175,129,1,1
229,79,M,13,8826.362718782711,422.0360456118112,65,0,2
230,28,F,46,2851.2307627637915,71.43856584642796,191,1,4
231,75,F,27,2020.1432859509712,377.0371508756885,182,1,0
232,72,F,49,8810.183210825193,398.2577997967993,170,1,0
233,45,M,41,6609.847096502428,208.67117266798618,149,0,3
234,42,M,17,3178.1964070747863,421.154535325004,79,0,2
235,56,M,40,7449.2457006678405,282.04673263540406,22,0,3
236,79,F,31,8169.672006355642,258.48214397275854,166,1,0
237,50,M,34,6188.28457937721,70.43147666091164,99,0,3
238,18,M,24,6910.05268781116,180.51313714200765,8,0,1
239,74,M,45,3815.0730539823967,468.9544868983849,190,0,3
240,44,F,35,5433.087106696087,226.320783477575,175,1,0
241,79,F,48,5289.175790189006,296.01523425054575,17,1,4
242,74,M,6,8495.67313219464,289.40975554291333,17,0,2
243,69,M,19,8415.643404793607,315.693990420212,90,0,2
244,30,M,30,8343.536646535727,77.59893003947718,141,0,1
245,58,M,7,209.21298119841137,212.97931465942773,145,0,2
246,20,F,10,7520.500296241994,375.40772324714936,166,1,1
247,56,F,41,7610.896262098948,140.25211298284233,81,1,1
248,23,F,32,6815.950346265904,141.6102698958622,78,1,1
249,25,F,34,7587.020113125381,54.54077301006113,173,1,1
250,44,M,28,8435.506677817417,246.86686697369439,6,0,1
251,26,M,15,4756.158635607678,447.2304713030399,163,0,2
252,79,M,30,5070.2971135356265,73.35542461428906,110,0,3
253,54,F,37,1334.6691634227657,136.0034192732012,14,1,4
254,50,M,29,3915.221242168882,189.53804225423977,72,0,3
255,68,F,22,6469.315281126665,379.2761314538958,189,1,0
256,59,F,4,7825.957783858018,338.2860167611639,143,1,0
257,61,M,20,2250.3700671429847,237.17475706183475,54,0,2
258,41,M,32,1464.4467016764304,391.58102266626906,27,0,3
259,32,M,36,6664.115844554873,324.33395524560586,13,0,3
260,76,F,4,118.61084689661536,453.2183598457486,159,1,0
261,71,M,27,1865.8885846425653,418.1120371124118,163,0,3
262,49,F,17,387.806665405142,163.76612274014025,60,1,4
263,49,M,12,1752.1626667632222,172.1473599353901,6,0,2
264,41,F,22,1895.0608712625017,106.41041410657354,197,1,4
265,58,F,17,3937.9685880289026,201.63412657285542,58,1,4
266,69,M,10,4083.038534396904,499.7947634235924,49,0,2
267,66,F,1,8755.198459041354,232.58802587677744,151,1,0
268,79,F,22,5150.08615373837,149.2197956100979,162,1,0
269,66,M,26,7261.707179561634,393.11729801399883,26,0,2
270,75,F,18,1130.9598434108457,294.11195155819524,47,1,4
271,69,M,14,2331.843679090569,117.32065228712864,5,0,2
272,29,F,47,7059.1400656889,221.31035652238958,20,1,1
273,79,M,29,622.759208638428,236.51137199270448,134,0,3
274,56,M,12,4917.316856213156,389.2233652561484,198,0,2
275,19,F,36,6033.752760063046,59.30211600135701,59,1,1
276,20,F,35,6061.241876119562,171.0588410592397,192,1,1
277,66,F,12,327.0348315536161,282.91833559198494,146,1,0
278,54,F,7,3288.8692418689366,170.9810341037795,132,1,0
279,66,F,29,6401.257445386625,332.7953213385495,17,1,4
280,73,M,11,1575.09738787751,266.8403656735775,14,0,2
281,34,F,33,6984.614918447727,212.76961468681128,13,1,1
282,76,M,6,7484.659567255378,477.1438820917305,135,0,2
283,66,M,47,9821.494985416839,334.47177463390585,128,0,3
284,19,F,15,2177.4357490784532,108.47361752057355,44,1,4
285,19,M,32,8268.79360989454,302.041263849528,119,0,1
286,45,M,11,5250.936111494675,401.32933394040543,143,0,2
287,71,M,23,3797.279701827317,368.8203638717588,19,0,2
288,40,M,26,1311.5298975192616,127.44015318286672,63,0,3
289,54,F,34,7381.505504226622,487.5889995680465,163,1,0
290,49,M,46,2434.990231522502,251.96614058597268,81,0,3
291,50,F,34,3777.0778185431527,121.56125168311759,163,1,4
292,18,F,29,719.1680462839475,131.08808935766655,147,1,4
293,36,M,4,8033.532466613238,94.20574648508622,148,0,1
294,79,F,17,7689.226387319269,411.58314879572043,100,1,0
295,19,F,35,7362.796717418893,104.91372244483189,163,1,1
296,70,F,13,3064.490753869678,106.30636571378612,160,1,0
297,61,M,41,1817.4527352329767,432.71222664237695,122,0,3
298,43,F,39,6411.777318255275,205.07183800140183,176,1,1
299,49,F,15,5012.0472027208725,63.8860569386326,44,1,1
300,23,F,29,1864.6994223559516,73.35288478328489,104,1,4
301,49,M,29,6890.521583393651,113.976701016753,152,0,3
302,72,F,11,9912.151675030906,146.0270065890603,61,1,1
303,21,M,32,7497.473918646173,349.3157874072824,125,0,1
304,72,M,2,7425.865228187557,120.7968260008227,145,0,2
305,28,M,47,9508.096254012858,103.4934760296824,71,0,1
306,73,M,14,2109.070038991532,394.1236136643256,107,0,2
307,76,M,20,5698.94465272226,351.9748777369615,50,0,2
308,34,M,22,9798.502478835446,245.8958996548563,65,0,1
309,55,F,11,1736.411698604728,297.1893971660468,99,1,0
310,41,M,27,7032.494398500758,190.3928091468883,32,0,1
311,22,F,3,5899.52044512183,267.1251891059123,164,1,1
312,69,F,17,5906.143012668199,278.0026920422356,141,1,0
313,51,M,44,7006.939212448744,224.25677203014317,198,0,3
314,23,F,28,9303.207536469274,457.95749480247326,58,1,1
315,39,F,29,7847.561204528246,57.22783924145276,128,1,1
316,28,F,21,655.7474238204791,401.97706839106075,142,1,4
317,65,F,47,8542.00739676954,105.97227405859594,165,1,1
318,33,M,16,2332.8591662647527,408.89631224173974,112,0,2
319,50,F,37,3831.4502308900824,327.16036205452457,68,1,4
320,26,M,20,4671.154854762583,429.47514092138107,40,0,2
321,77,F,6,4860.96940745539,93.88144653840385,187,1,0
322,76,F,19,4408.285952628032,301.5412853448983,144,1,0
323,23,M,5,9379.797612737058,275.48954611798865,190,0,1
324,33,F,3,7089.588175873843,367.7869323335114,132,1,0
325,46,F,1,6348.589394971393,290.43074835215407,173,1,0
326,20,F,38,593.4360750511214,293.3305552098969,90,1,4
327,37,M,15,9048.74196957771,243.31817460922912,28,0,1
328,77,F,34,9102.962900883122,188.9754908033034,96,1,0
329,76,M,35,7824.109327958013,267.0189625634865,194,0,3
330,53,F,49,169.58911775482966,103.32156144578026,31,1,4
331,36,M,25,667.0744856684712,482.68100254238817,3,0,2
332,43,M,24,2329.7146524580485,371.4848436319692,136,0,2
333,20,F,12,1400.3591406345763,478.61020250953106,24,1,4
334,36,F,18,4048.4766940669215,152.02732204848348,15,1,4
335,37,M,15,9233.968275069117,445.7034590794376,171,0,2
336,49,M,44,4773.398298550283,413.9554930535923,159,0,3
337,24,F,16,232.68600167843954,354.71858560595314,45,1,4
338,69,M,27,2899.182326829744,331.26313373834256,194,0,3
339,58,F,8,541.4895928923193,192.4473493705415,8,1,4
340,50,F,46,459.24746387367134,417.3848532342638,71,1,4
341,57,F,25,2829.6265456459673,275.6819576658802,108,1,4
342,56,F,17,2828.5621529215596,81.9012091510784,115,1,4
343,35,M,29,7892.55336575588,190.78842238480848,103,0,1
344,57,F,8,9750.863062533008,470.88369434539743,125,1,0
345,18,M,15,3774.950229510983,432.8061172721808,57,0,2
346,28,F,27,4345.980100724282,491.8575641344426,30,1,4
347,45,M,46,8463.415419231613,332.5970221718441,146,0,3
348,74,F,7,2754.5762989455825,161.3795329131854,114,1,0
349,42,M,3,1648.1798635941348,123.2667723545887,197,0,2
350,67,M,29,8545.58727169614,134.11149827380774,117,0,3
351,40,F,44,560.3558057566484,58.90804625626447,167,1,4
352,48,F,24,6235.024457974216,225.80694994367263,60,1,1
353,47,F,3,5663.729189921387,136.14245622479413,98,1,1
354,59,F,20,3524.612430266773,235.2449572055161,171,1,0
355,52,M,46,3220.3762588638538,470.74749432744443,126,0,3
356,24,F,15,7741.391489198051,243.74309427823547,173,1,1
357,77,M,25,955.6036465492102,445.0930236431757,151,0,2
358,33,M,30,2444.1646621827153,322.4771449771444,197,0,3
359,43,F,14,7351.242445197089,161.20919959762637,94,1,1
360,65,M,7,5528.3737788916,210.13464166664514,134,0,2
361,74,M,17,1367.0832644825052,87.76379111964323,184,0,2
362,69,M,44,8833.142581392394,200.05816711820472,122,0,3
363,77,M,20,3995.133680979556,354.8934254765903,108,0,2
364,66,F,36,8295.896915689511,82.44999181824583,4,1,1
365,19,F,9,7898.358853724316,142.4306338151132,93,1,1
366,18,F,38,6281.811920070108,221.64846863599016,151,1,1
367,65,F,48,4995.3631998214205,491.92229165718317,6,1,4
368,79,M,22,9797.553319779394,403.1878203314961,32,0,2
369,29,M,2,1535.1542165601886,380.06903592144675,106,0,2
370,22,F,24,7279.041702756036,102.28593043645068,146,1,1
371,54,F,8,1992.7879445014112,401.44815212674615,15,1,4
372,49,F,11,3448.804742790249,403.3709651822068,168,1,0
373,76,M,13,3156.117559394633,320.49621303094773,122,0,2
374,72,F,17,9475.656278613358,495.6628018992673,96,1,0
375,26,F,8,9676.826160103925,196.3642576660484,6,1,1
376,58,F,21,1911.8528979237988,473.57260170883325,112,1,0
377,52,M,18,318.1480869452914,461.62900173042664,120,0,2
378,36,M,30,7228.07959266482,55.16629688722003,123,0,1
379,65,M,18,4238.100345317795,252.55243691366496,191,0,2
380,33,M,46,979.5184263668874,489.696904873208,67,0,3
381,20,M,47,6869.165645212721,96.4046130836341,106,0,1
382,37,M,31,5496.544729780927,296.50311247249374,139,0,3
383,41,M,38,9807.116537810949,490.5308781684968,43,0,3
384,71,M,32,2351.3540090276515,299.97294084763706,145,0,3
385,73,F,11,4099.380975632828,135.4168863374702,96,1,0
386,50,F,45,5471.203453614687,311.9824535416654,132,1,4
387,41,M,25,7937.829885688181,141.9982582772961,191,0,1
388,69,M,33,5533.502701528581,283.8669183025179,196,0,3
389,28,F,38,6167.711592533297,83.3189980605566,81,1,1
390,66,M,41,2338.8558107404133,322.46720114648207,41,0,3
391,25,M,8,8484.495408076742,282.55547260767116,133,0,1
392,53,M,11,4343.44241500771,383.0726159426584,160,0,2
393,55,F,22,1495.500312465516,333.81521202145325,198,1,0
394,57,F,24,6675.460353603632,297.32282083884047,35,1,4
395,37,F,41,2239.295486534544,360.4004821616545,22,1,4
396,79,F,17,1065.8688513690674,114.77386110750388,193,1,0
397,52,F,12,8633.670393202296,317.9118475663718,150,1,0
398,65,M,46,4655.606418435553,127.44977127024995,112,0,3
399,79,F,32,7517.908755688187,466.4849935333464,11,1,0
400,42,M,15,2976.816842082915,80.75034718052189,3,0,2
401,52,M,16,7891.004335684896,243.66863736085696,137,0,2
402,42,F,22,1208.1656775131503,363.1088649449502,60,1,4
403,46,F,28,3624.136400569042,256.10999525071645,76,1,4
404,35,M,20,9782.811997937932,91.44286395480606,87,0,1
405,63,M,33,7960.49819204326,299.0205572570183,14,0,3
406,35,M,10,5022.833710115413,338.73435897230956,18,0,2
407,19,F,40,3463.7969684626623,366.7065399457284,113,1,4
408,71,F,32,8734.143430222517,217.9669165082415,73,1,0
409,52,F,33,5493.992814936705,303.64698696294295,23,1,4
410,33,F,2,7608.407676904199,252.8089137225109,83,1,1
411,78,F,33,7565.666035130024,352.42521743851404,125,1,0
412,58,M,33,277.6622178280691,312.6006352961683,175,0,3
413,53,F,41,1349.9124496468733,286.5902988016107,69,1,4
414,50,M,13,6630.330727307948,162.28596507721187,47,0,2
415,21,M,30,1700.0361317301272,50.90833298670526,116,0,3
416,50,M,33,2629.3841120904863,128.33675389014317,30,0,3
417,31,F,13,9471.71574657611,102.6797186408759,25,1,1
418,38,F,26,5645.804357911627,252.08813525492604,156,1,1
419,65,F,22,7532.222119293537,325.5161678428301,112,1,0
420,37,M,39,5624.009313948135,145.88825390816368,25,0,3
421,73,M,2,5569.884786348979,472.57569318523423,74,0,2
422,25,M,38,1032.1039102444092,53.0069581507495,58,0,3
423,24,M,39,3502.2656068301203,397.5354568244043,94,0,3
424,20,M,26,2896.065896996466,331.342146288699,119,0,2
425,34,M,46,3968.210819574771,218.09966047145684,127,0,3
426,50,F,15,8003.60746342085,72.72002498558356,169,1,1
427,65,F,34,3782.133412376962,332.3689573029257,25,1,4
428,29,F,42,4571.798510393659,223.52608078954162,78,1,4
429,76,F,44,4034.0757658046336,471.32021273594864,99,1,0
430,68,M,49,1024.7389225554266,293.89553370039465,116,0,3
431,39,M,40,4466.614366682758,472.8431800820787,48,0,3
432,72,F,11,2036.531803140699,149.21766206298685,10,1,4
433,39,M,3,1948.5606281531107,376.5766596638465,99,0,2
434,63,F,6,1030.957433899237,327.7620593819266,11,1,4
435,47,F,9,3631.0426440034707,382.7337034240903,85,1,0
436,55,F,6,7599.070659415232,146.60053878764154,149,1,0
437,55,M,9,2836.772736775621,349.24753230699815,173,0,2
438,62,F,39,3192.256108666584,274.1181768755911,135,1,4
439,68,F,31,6462.479110956993,384.2712387078423,192,1,0
440,71,F,32,2038.824044610497,197.170089868318,126,1,4
441,25,M,41,8979.88351119299,450.5256614593637,64,0,3
442,44,M,12,5249.8861801903895,87.93559157510768,2,0,2
443,44,F,8,4531.269109170148,413.2351934560346,76,1,0
444,51,M,8,5622.419900099094,437.59383161679085,121,0,2
445,38,M,28,1743.739702820335,417.76354011506953,42,0,2
446,47,M,20,6173.384072527845,280.7268774177992,54,0,2
447,50,M,47,3694.6972926767035,247.27324101384258,75,0,3
448,45,M,7,8982.144775549727,498.31802893619454,16,0,2
449,64,M,11,1771.6566461090927,153.12737804637294,18,0,2
450,50,M,20,5119.805928267867,296.09418464422004,187,0,2
451,22,M,16,6021.315030753278,351.8039864220465,90,0,2
452,77,M,4,430.4976576851741,365.3904361376444,144,0,2
453,78,M,6,3700.5619350857883,141.8110995823604,6,0,2
454,65,F,22,7353.0888235382445,344.29734155291055,185,1,0
455,36,F,26,8221.737323744836,418.26630491660177,108,1,1
456,21,M,3,3200.3037486910953,72.5083595695005,175,0,2
457,52,F,41,8006.073396589237,460.1845819963924,48,1,4
458,66,F,42,9680.783183323549,63.27682481534267,42,1,1
459,34,M,14,8583.051967143432,210.18696461977746,76,0,1
460,61,M,11,1264.6754827773195,57.11593830483293,188,0,2
461,45,M,18,7423.330287646852,84.71532584281184,77,0,1
462,47,F,12,3264.7016411613927,460.02572833103557,132,1,0
463,46,F,23,9885.318295179557,209.68737383576652,130,1,1
464,63,M,12,4905.053933282882,241.1471886912738,59,0,2
465,70,M,13,1312.0955937535161,146.90497162214868,155,0,2
466,23,M,25,7279.336925471169,318.6930965840239,27,0,1
467,52,F,45,3297.810864023517,317.6614466050053,79,1,4
468,77,F,19,9971.073755108451,217.49017632134866,72,1,0
469,58,F,46,9799.846332759767,199.86569231242927,7,1,1
470,54,F,36,6595.7267784037485,448.23393868126453,191,1,0
471,41,M,45,1385.281844622004,222.47790783899063,111,0,3
472,46,M,8,6899.923876982788,272.0754464694837,119,0,2
473,66,M,29,1021.0018159542693,177.4871430912188,174,0,3
474,63,M,32,390.70517511368394,404.0462765107073,63,0,3
475,70,F,44,8247.288617592712,228.85167060459122,124,1,0
476,48,F,18,2176.5541820684452,281.1249709449461,12,1,4
477,52,M,6,3852.3685495690643,164.01072652684763,141,0,2
478,77,M,18,9737.228160764114,494.4468165535633,43,0,2
479,50,F,19,3434.7209684249224,181.1730834156753,17,1,4
480,69,M,22,3035.248834704821,396.83413890749824,63,0,2
481,78,F,37,9190.259196265475,242.37304266054164,120,1,0
482,38,M,32,1196.4096086576853,142.79783228786295,36,0,3
483,49,M,41,7619.865860134854,409.87344378418754,8,0,3
484,40,M,3,9881.849109862462,200.12305506306942,69,0,1
485,50,M,28,9022.830506669023,439.33700632901497,90,0,2
486,20,M,10,6551.512395193617,461.86573321302035,36,0,2
487,35,M,35,3209.2018704280467,436.92072592607417,28,0,3
488,42,M,29,2617.7876136653354,65.75356166306254,118,0,3
489,59,F,15,8210.625538227465,404.3180052522975,93,1,0
490,48,F,33,8810.236948121783,235.10275992461476,175,1,1
491,71,F,7,5301.805634202359,443.1753140820013,76,1,0
492,75,F,12,2518.965413786015,337.07941820813244,101,1,0
493,20,F,49,1218.1377632706183,425.13941036478127,158,1,4
494,57,M,30,963.0767315351286,274.7442964400759,151,0,3
495,63,M,21,7218.86672880317,290.76147706951974,144,0,2
496,41,F,31,4259.175405692477,114.97443446015025,14,1,4
497,67,M,24,9063.062755350917,402.79431141020996,71,0,2
498,49,F,20,7422.7458771949605,238.72532525013725,180,1,0
499,64,F,37,1993.4781373544083,275.03605322221216,124,1,4
500,39,M,4,6176.39644627542,403.29397134306845,125,0,2
501,40,M,28,4411.503998541778,319.48043003574753,37,0,3
502,19,M,44,5814.77233460927,140.49442734920035,29,0,1
503,44,F,20,7406.88432105132,315.6046966179017,195,1,0
504,59,M,24,8081.339221937529,233.43478609084508,143,0,3
505,19,F,49,8452.99953142657,261.2864939197382,175,1,1
506,43,F,32,2614.3512582630447,62.740073481200504,174,1,4
507,34,F,41,408.0444391818411,144.51320728232673,180,1,4
508,57,M,36,7419.017878131254,176.4671366214627,19,0,3
509,50,M,34,1152.8028899321685,370.8320035364626,106,0,3
510,26,F,36,3217.7039272683796,55.17161298415189,21,1,4
511,60,M,2,137.7896278310367,233.9497675531094,64,0,2
512,71,M,15,6848.527875776039,465.8120916915798,165,0,2
513,65,M,34,1754.6069135650905,100.34627744710573,27,0,3
514,56,F,36,6587.295855947416,282.390974698375,55,1,4
515,46,F,6,9918.251909961604,403.9350720758812,29,1,1
516,59,M,39,819.4416289391612,474.1390883840525,148,0,3
517,72,F,42,863.0723183194608,386.0494877901731,25,1,4
518,43,M,12,3469.7629174000817,374.25449688998276,70,0,2
519,52,M,3,8677.226491088286,421.9196405880931,63,0,2
520,67,M,45,2233.7457010341855,250.79054943989465,164,0,3
521,42,M,18,3667.740417310441,412.6300396780249,130,0,2
522,41,F,40,778.2035256070977,53.583982135453006,150,1,4
523,30,F,21,7655.237383463004,466.0524749195622,16,1,1
524,77,F,15,4142.232793318566,249.48792928272889,146,1,0
525,75,M,33,7616.562457302344,299.0210845395864,197,0,3
526,24,M,35,9045.717659033271,164.69701201169704,182,0,1
527,74,M,26,2404.3551563027586,384.13887477818963,100,0,2
528,53,F,8,8093.2207003655185,84.48611291386197,30,1,1
529,62,M,36,685.0295117747074,442.68611114607586,45,0,3
530,37,F,48,8998.589142984449,422.6525730528542,19,1,1
531,18,F,30,6542.608620831599,147.22705231014487,34,1,1
532,25,F,23,8754.84456896968,414.19597922836806,141,1,1
533,63,F,42,101.86515561016078,403.8609798776667,171,1,4
534,33,F,44,1773.9025965243259,334.497468989277,62,1,4
535,31,F,14,3958.6179355222716,218.0840796048594,118,1,1
536,29,M,14,3857.078743409714,172.17443938184056,100,0,2
537,68,M,2,2344.6307909427555,154.30261563020753,22,0,2
538,40,F,37,3877.958204685281,193.37403324362322,180,1,4
539,32,F,5,1375.6022488025228,456.60129954463866,180,1,0
540,45,M,38,4186.335179733658,84.93834919495157,111,0,3
541,51,F,45,8043.307858676715,422.9920743138314,164,1,0
542,19,F,41,4842.793624723177,207.00053376882062,73,1,1
543,49,M,47,278.20088055762835,284.7197282051112,147,0,3
544,40,F,14,4272.296011634549,407.5185351418208,38,1,4
545,39,F,39,369.0326592993572,447.9694461603371,70,1,4
546,68,F,25,9665.809765997303,205.15163903269115,116,1,0
547,42,M,20,1361.794198286403,257.82956657379964,79,0,2
548,75,M,2,7106.114430673126,236.53222916755652,185,0,2
549,79,M,39,9730.48559663165,55.962965076759744,148,0,3
550,78,F,6,8277.786611499061,183.17429998639548,9,1,0
551,39,F,17,7023.222213749416,256.6351551796528,32,1,1
552,75,M,25,8410.663004057593,234.9921239961979,132,0,3
553,75,F,28,9819.807063280214,374.86815238205577,50,1,0
554,39,F,2,6251.310522809943,223.16162774949646,82,1,1
555,66,F,35,5635.929587610332,270.2194020368016,5,1,4
556,69,F,37,6319.557293586486,243.3238664595635,148,1,0
557,59,F,5,5373.491278939394,383.2817670024667,87,1,0
558,23,M,1,6387.382148506216,438.3375795441331,126,0,2
559,32,F,40,4553.437858928337,289.3500855533814,75,1,4
560,71,M,12,2262.5875105447403,405.24448738783605,165,0,2
561,60,F,36,1290.4475424655886,183.55400690893276,22,1,4
562,77,M,45,776.5752617693779,293.6163245707709,186,0,3
563,54,F,23,2706.826259156681,205.3534791514876,68,1,4
564,50,M,47,556.6232869237649,236.39041650732364,44,0,3
565,25,F,31,5714.990721201917,379.5862391657009,34,1,4
566,70,M,11,2909.9016255328506,446.74811704972075,77,0,2
567,77,F,10,8262.89460006162,104.67292598949444,42,1,0
568,61,M,3,834.9846425850258,335.58766541932124,137,0,2
569,61,F,14,2340.879793980711,311.9647134100093,106,1,0
570,22,M,16,7329.436856192445,103.28676762916935,95,0,1
571,56,M,10,6028.202134196565,145.3524486980491,135,0,2
572,21,F,29,738.4635853667586,189.95112262970613,68,1,4
573,23,F,10,8784.670625905785,125.11898186787566,147,1,1
574,62,M,12,8784.891451979178,159.6782671359538,159,0,2
575,49,F,30,3371.039238370161,170.4203594877684,128,1,4
576,69,M,41,3470.0178491606903,201.05322486757683,163,0,3
577,47,M,1,9891.38074766672,387.2257037605216,185,0,2
578,64,M,5,6299.144098772068,307.3604917327703,85,0,2
579,52,F,20,5360.033553623785,493.81100237813064,189,1,0
580,72,M,8,8397.706617164053,236.63112213536195,159,0,2
581,57,M,43,2924.3743497374326,389.23928322661624,83,0,3
582,69,F,12,4348.907674623933,442.1607896194402,95,1,0
583,33,F,1,2750.9890873345084,355.54032186711885,181,1,0
584,30,F,20,7912.692381228441,235.3391331878732,32,1,1
585,67,F,28,5776.158521788659,389.11758383558885,66,1,0
586,77,M,43,6622.368194386699,141.6502119977082,187,0,3
587,59,M,37,2597.841773410125,197.3984743310596,116,0,3
588,47,M,47,2280.2304836354197,296.00836479467995,138,0,3
589,36,M,37,4934.908826931093,308.93422427876675,130,0,3
590,34,F,12,7401.900916018985,59.963663962683256,194,1,1
591,73,M,37,5299.8735994495855,475.30138494020395,60,0,3
592,36,M,49,423.1922077021192,363.4822720478255,17,0,3
593,45,F,49,8698.659912570858,273.066687604351,96,1,1
594,75,M,44,740.4002457998025,469.90725548373877,144,0,3
595,72,M,28,9562.662388835448,247.59300436287282,16,0,3
596,43,M,47,348.905386945,491.19600662166727,46,0,3
597,54,M,15,6975.059515694017,280.52814075956826,167,0,2
598,43,M,6,913.8499307466384,101.42859649909076,159,0,2
599,70,M,44,9115.698136407882,394.16043760667475,107,0,3
600,79,F,20,4697.889038632873,355.5039762850282,88,1,0
601,40,F,14,1461.4853706884523,397.84402458751407,129,1,0
602,26,M,2,3474.075427919481,478.1489129265565,139,0,2
603,29,M,9,1731.7642859329442,399.42018619295817,119,0,2
604,70,F,37,1788.760924415191,325.1014709974911,85,1,4
605,18,M,20,9486.272369697277,435.7890060623784,4,0,1
606,75,M,26,4507.936511619403,352.9608977095392,71,0,2
607,75,M,29,7909.14241266306,233.65357557166539,154,0,3
608,18,F,1,6432.095055659051,448.52889390879795,111,1,1
609,64,M,35,6796.620987150083,149.8552073529678,50,0,3
610,51,F,6,1403.7650408731813,371.5885737089259,140,1,0
611,49,M,37,2418.4260234733083,446.70355472334063,95,0,3
612,79,F,5,7888.828318028925,379.0924338664833,92,1,0
613,71,F,33,9710.585444100352,363.7739385742356,65,1,0
614,65,M,49,2700.488861726652,388.68723233232623,47,0,3
615,42,F,14,2788.5307710352945,259.27486173528996,181,1,0
616,57,M,12,4781.681614827958,443.3768069706617,106,0,2
617,62,F,42,9840.019097268834,141.54641381124105,199,1,1
618,70,M,20,2762.6935636820635,107.32388720015268,130,0,3
619,18,M,24,4129.0219053792125,178.4789510533302,106,0,1
620,33,F,43,8925.652154672716,289.20982854874694,24,1,1
621,78,M,34,128.91822295148387,279.7528079342021,4,0,3
622,56,M,25,493.68305338683854,419.26944095446396,108,0,2
623,22,F,29,6080.30960300507,232.05589538180783,19,1,1
624,39,M,39,9083.063630657185,267.95499183117886,154,0,3
625,46,M,31,2464.680937979084,56.01545746672804,40,0,3
626,72,F,47,4749.453569339019,234.3826563993226,50,1,4
627,20,F,43,4559.606486412401,341.4984048276539,171,1,4
628,29,M,23,4782.41632634555,56.97874878196648,75,0,1
629,43,M,44,6262.944987724477,176.39688433380968,195,0,3
630,33,F,38,4750.46325360777,143.58036168022545,12,1,4
631,68,F,20,4529.934599092332,68.8934430093147,195,1,0
632,54,M,23,4795.455362269479,265.6670404615419,27,0,2
633,39,F,45,5949.587668583311,131.77548195267042,113,1,1
634,74,M,16,5416.374134678448,384.38669283412105,182,0,2
635,46,M,42,8555.946376739992,431.5675476935068,194,0,3
636,31,M,8,590.0188495872994,295.5133322011165,49,0,2
637,45,M,21,8349.839007582823,491.7683041345137,144,0,2
638,22,M,1,8454.853664856068,252.7153571617679,130,0,1
639,64,F,8,2920.5894131565124,281.015694601212,60,1,0
640,66,F,29,4682.234354656921,495.1479892809876,182,1,0
641,47,F,32,4441.531036520611,154.19679618427196,30,1,4
642,63,F,38,2263.24736010589,474.14567285460737,84,1,4
643,79,M,5,4028.2887861545328,69.27689980360097,166,0,2
644,69,M,47,539.4389444914589,250.87410061843764,28,0,3
645,22,M,22,2850.438520539171,81.50158045987959,25,0,1
646,29,M,47,8185.153536962109,378.15563431113935,96,0,3
647,33,F,34,2917.1667874526856,323.784021146008,125,1,4
648,43,M,1,8200.24602060765,367.9854185604184,10,0,2
649,43,M,26,5362.834699583866,218.51617998560764,188,0,3
650,65,F,43,8810.640505875484,216.26687031412112,42,1,1
651,38,F,10,5790.317587217711,70.39367553240257,40,1,1
652,56,F,30,393.7154083409242,207.4752227883379,77,1,4
653,53,F,18,6786.660054716183,468.17978101792676,105,1,0
654,50,M,17,544.0503234333297,220.65194173120204,118,0,2
655,79,M,26,4560.910487933026,424.1154677998865,42,0,2
656,47,F,8,9301.324275283829,429.04647713747033,47,1,0
657,54,M,47,1735.5189994447167,217.95852037065524,165,0,3
658,40,M,40,3959.7362941212864,334.39490617828505,22,0,3
659,75,M,49,7325.617057599936,92.91722102287639,185,0,3
660,27,F,12,8834.359705338991,96.65536133042443,107,1,1
661,71,M,27,6742.335746950828,71.895948647771,27,0,3
662,22,F,8,2655.9152164925754,311.45679201879926,41,1,4
663,53,M,25,6778.61774387054,241.73193993174365,80,0,3
664,51,M,46,3037.603646930491,296.6145604989081,162,0,3
665,69,M,4,7212.449375205479,284.4829357287745,160,0,2
666,48,F,33,9544.9279630919,207.59134599082861,89,1,1
667,27,M,1,7241.795165952254,354.8630366705628,66,0,2
668,75,F,19,8642.516978832882,391.3258464123758,12,1,0
669,36,F,31,120.82804744124579,56.58271649495407,168,1,4
670,75,F,16,7203.964034842785,143.25903489599523,73,1,0
671,49,M,14,8312.916812965977,370.95614063750156,76,0,2
672,18,M,48,501.53150169234607,223.97907768522538,90,0,3
673,73,M,5,8728.817500153484,348.1177761237237,10,0,2
674,22,M,41,2641.2728602694538,206.13319688055128,96,0,3
675,62,F,26,6686.391809582747,225.8398185483367,176,1,0
676,21,F,28,8023.513302331726,121.40549316035822,20,1,1
677,33,F,2,6660.378679287619,166.203958849772,39,1,1
678,41,M,6,1013.6194415252467,322.43529087841426,60,0,2
679,33,F,9,6003.583036717647,244.92340009182487,66,1,1
680,72,M,33,5540.878201549222,398.4362073250678,65,0,3
681,19,F,41,9013.180553935288,433.66322972225424,179,1,1
682,66,M,25,4101.97332347767,293.74088819754195,124,0,3
683,45,M,48,3278.702861161796,391.22028142522663,164,0,3
684,49,F,13,7523.522567921016,188.10703093755652,152,1,0
685,44,F,9,4185.485728225627,236.73704693003518,155,1,0
686,37,F,13,6496.352132550123,370.74995429757394,130,1,0
687,41,F,31,6499.855892233609,223.7953967676638,159,1,1
688,29,M,41,8891.586737165166,314.827220821545,57,0,1
689,67,F,11,6027.054782959064,133.41775058713017,78,1,0
690,52,F,4,5071.32073862367,319.89709173672406,194,1,0
691,77,F,34,1474.8261313255184,437.6811682521021,29,1,4
692,50,M,38,1245.8023061191832,440.88783792054153,15,0,3
693,50,M,46,1627.783496302486,375.95498284829284,12,0,3
694,78,F,4,1801.2999651382356,385.58902058425673,101,1,0
695,68,M,38,6414.983217369976,301.06735031781534,156,0,3
696,60,F,19,7435.714377718327,313.10064057462114,84,1,0
697,54,M,6,5346.916076971545,110.14276163473309,125,0,2
698,29,M,34,8307.27555220036,249.7366347895855,103,0,1
699,20,M,18,9913.50594466297,252.84932774886371,24,0,1
700,18,M,13,8218.125028281625,481.3240260504831,149,0,2
701,50,F,41,6979.335499391996,243.98908818048025,138,1,1
702,57,F,23,5371.677724427752,297.2041902062409,110,1,0
703,27,F,19,4543.645409579612,289.9631296755961,78,1,1
704,60,M,45,935.4845673909692,336.5427726699472,101,0,3
705,61,F,11,4053.75060910744,386.70477409935313,146,1,0
706,46,F,1,9110.33290414313,151.26884427689245,142,1,1
707,30,F,24,8099.4240360748745,287.9259885942961,162,1,1
708,29,M,7,2238.908513615703,421.6629682922137,128,0,2
709,48,M,25,4719.417068502437,258.40162122688014,58,0,2
710,63,M,21,8185.559705329591,175.30589586810785,76,0,2
711,19,F,15,767.107092376673,344.6190839103346,150,1,4
712,78,F,1,3935.186598119727,420.6953281096053,198,1,0
713,68,F,12,8533.228245052082,78.41313181732609,36,1,1
714,67,M,7,4098.588855284225,399.5557175332522,173,0,2
715,52,M,15,868.3849828412646,419.74156983279704,164,0,2
716,40,F,21,5471.09024846929,257.68531741487305,22,1,4
717,34,M,19,8631.250699691123,492.48754556831034,127,0,2
718,43,M,29,5943.826875236281,404.0187533182891,80,0,3
719,25,M,25,2340.163171320895,398.1481542030496,189,0,2
720,46,M,33,3903.972239360075,386.52735848543233,100,0,3
721,43,F,49,4556.221275701128,117.7736464482233,184,1,4
722,27,M,32,5834.736902823215,147.75389890385486,96,0,1
723,43,M,49,7617.57515495087,258.7955591589913,161,0,3
724,79,M,35,1078.8488146422906,168.80195748175964,173,0,3
725,51,M,44,8907.555126873907,236.8584375503182,164,0,3
726,68,F,38,221.86605985914835,449.8088494653143,148,1,4
727,58,F,26,3763.518113275127,420.9471013456712,18,1,4
728,24,M,11,371.46106872931074,333.517945315992,38,0,2
729,21,M,35,3990.4448309183836,436.1541774129966,195,0,3
730,75,M,8,5305.544728845905,402.69757505776215,151,0,2
731,70,M,46,5165.645727156966,243.0432193284007,109,0,3
732,67,M,14,1739.7206355798269,140.4793184224753,123,0,2
733,62,M,10,6492.8310499465615,281.3904680042026,144,0,2
734,28,F,2,543.3066599962153,381.30299713784757,187,1,0
735,46,M,46,7642.877519310912,246.38881942831685,197,0,3
736,73,F,9,9471.779896536107,350.0473594027537,196,1,0
737,53,F,3,3463.7113887960672,92.44734183096963,149,1,0
738,42,M,21,5220.669878971886,386.60213136713156,104,0,2
739,38,F,26,3851.2117527822625,415.7211289518779,198,1,0
740,78,F,8,166.43286401019355,368.0770351012435,140,1,0
741,74,F,48,3920.1575786616477,485.2686143868645,144,1,0
742,53,F,2,7938.03056668733,421.9934258572882,81,1,0
743,27,F,6,6000.28953761647,456.39217754444223,87,1,0
744,54,F,28,1102.4731546900734,470.1069875559416,142,1,0
745,26,M,29,8486.680947968473,410.6065963432139,61,0,1
746,41,F,26,5357.744914363904,353.4164789029246,199,1,0
747,52,F,25,8433.061281272294,52.57336161235518,46,1,1
748,66,F,12,5844.193035971791,259.62158895040614,32,1,0
749,52,M,5,5640.915603895605,307.0230343800624,15,0,2
750,65,F,34,1142.0659334504226,186.81362260159983,44,1,4
751,53,M,48,1756.8613580724168,193.1470011065624,145,0,3
752,35,F,37,9723.050039316251,482.5217370695743,169,1,1
753,66,M,15,2362.0187928722307,451.2698893412356,54,0,2
754,56,M,44,9776.775968104643,432.1305524757669,44,0,3
755,49,F,36,5365.9357945902075,232.70531076774978,98,1,4
756,41,F,15,1444.3115659329776,56.164347684011545,5,1,4
757,40,M,43,1083.0918072615602,86.10001090507134,109,0,3
758,79,F,48,2167.7542999868256,190.48836569792164,27,1,4
759,49,M,23,9263.809567250824,57.08431084805464,116,0,1
760,54,M,6,4200.087220849446,57.71740186183915,87,0,2
761,29,M,46,4014.7992531298523,462.4714857390849,104,0,3
762,66,M,44,3200.741984594723,367.7713259535743,123,0,3
763,72,M,43,1555.912320609225,189.0301955306687,79,0,3
764,30,F,45,4929.726852204823,109.69005992042892,43,1,4
765,40,M,21,1387.473046860273,280.2360730527847,97,0,2
766,42,M,23,8371.254340185043,52.40577238446401,31,0,1
767,52,F,43,3766.9301641255342,472.2861847361648,99,1,4
768,58,M,16,3810.555321039784,236.66680372502626,17,0,2
769,47,F,47,4792.663641983243,231.05072985679973,83,1,4
770,34,F,15,4496.864360340941,225.76712341180198,110,1,1
771,66,F,25,9949.093933287284,81.19774867449414,182,1,0
772,79,M,36,5499.273100061195,337.245007906322,190,0,3
773,37,M,11,973.1968675197198,379.851628832759,32,0,2
774,65,M,15,6108.085681611607,354.25642891473063,168,0,2
775,42,F,4,1600.6844994118117,112.29597199822743,141,1,0
776,39,M,21,406.28268284028553,310.47807561601667,35,0,2
777,30,F,13,9710.347321404757,306.26801787751424,133,1,1
778,76,M,22,7758.035026192182,440.78485457362194,29,0,2
779,36,F,19,9803.079024896293,220.60744626904113,70,1,1
780,66,M,34,4830.996635420201,217.1686746467454,153,0,3
781,53,M,14,5369.349558374864,328.3371764231835,95,0,2
782,29,M,4,1766.5358635993891,334.8826940747809,22,0,2
783,78,F,48,2544.383524009097,261.1783522966057,194,1,0
784,58,F,46,8401.637227538,249.37671304868948,173,1,0
785,36,M,27,3626.2379064641823,272.3664517870472,69,0,3
786,29,M,29,8285.468240584549,437.47038477649033,89,0,2
787,26,F,47,7119.235870441615,257.52510556425955,72,1,1
788,24,F,28,1853.9921601914684,472.9693063864201,129,1,4
789,45,F,35,5123.719024585447,276.8016936183467,172,1,0
790,31,M,8,6806.134483035296,477.14031193140113,87,0,2
791,48,F,16,2426.8684265578686,424.77435584108406,96,1,0
792,69,M,42,8323.816254148762,213.0940951771231,75,0,3
793,36,F,36,5493.793809697349,438.6386395834772,167,1,0
794,75,M,30,1735.8962993817718,99.52847789050185,54,0,3
795,64,F,18,5871.545819029564,466.2712289043565,88,1,0
796,33,F,2,9997.166661143548,334.23958178730123,157,1,1
797,70,F,49,1590.162767467794,74.47583683504003,54,1,4
798,22,F,13,8185.893608183328,339.9155256428652,16,1,1
799,52,F,4,2152.3591315568237,488.41144436514026,99,1,0
800,29,M,26,7845.644461654864,81.41029457658301,20,0,1
801,42,F,25,7372.321438901991,299.60946940103884,46,1,1
802,69,F,30,3074.8449174442803,386.5074573917176,195,1,0
803,76,F,11,3325.6488638880533,414.6163640147891,193,1,0
804,38,M,7,7945.9617804329,236.22235939435814,127,0,2
805,53,F,31,4668.310567684395,141.87495162570934,58,1,4
806,70,M,44,7335.098484246907,69.05402544757273,181,0,3
807,40,F,10,1565.0430589217642,310.87677069375115,111,1,4
808,33,F,39,8540.32204082538,253.80998162042485,129,1,1
809,74,M,13,7137.758695154959,476.93497781736994,81,0,2
810,56,F,31,9078.733807464856,77.2722084717094,194,1,1
811,62,M,7,1410.4865524462273,358.4279045507026,157,0,2
812,70,M,49,5970.843553569917,61.234799954025725,84,0,3
813,59,F,42,6031.293791899219,127.14537951974422,70,1,4
814,75,M,42,3599.2613314131463,254.11054996527537,8,0,3
815,56,F,36,4638.817603235652,254.6925992612907,29,1,4
816,31,F,20,476.01747656954933,358.56524432013975,112,1,4
817,48,M,4,7484.014382407418,459.5958656904905,179,0,2
818,75,M,7,5538.292546091423,337.5644715117144,161,0,2
819,22,M,1,671.6364135048204,479.09079403317895,131,0,2
820,52,M,44,6839.483340308807,446.7270379450989,188,0,3
821,40,F,45,4721.14256458876,313.0249079888556,163,1,4
822,46,F,42,441.1664683075,425.2063779134723,197,1,4
823,60,M,47,9699.116495796145,339.15992464563533,108,0,3
824,28,F,13,9496.210216585461,85.35102391567722,109,1,1
825,35,F,22,5177.733919857255,383.2541254667795,20,1,4
826,64,F,21,1027.356964988511,92.70879857030579,73,1,4
827,29,F,22,7570.750093826059,317.33725125637056,167,1,1
828,26,M,28,4970.117891046718,366.18809263620295,4,0,2
829,27,M,9,3094.230035064861,79.93742369488486,19,0,2
830,75,F,26,4965.039957532712,153.8575942669393,102,1,0
831,61,M,9,5272.197039514098,462.0525045177424,173,0,2
832,34,M,15,5670.845820321158,327.3415215048034,171,0,2
833,78,M,10,4468.114765187733,160.8287084647392,141,0,2
834,55,F,24,6096.977501076661,360.80589701660296,141,1,0
835,24,F,42,9195.473635003136,318.5493889827603,188,1,1
836,63,F,8,3686.4540622760524,275.7090649630768,185,1,0
837,30,M,24,7284.592985877496,489.2841387446377,86,0,2
838,57,F,16,8955.0803125599,357.554199833379,52,1,0
839,59,F,49,4614.194830023375,218.9484993505607,111,1,4
840,26,M,26,4490.212780180851,410.0330444345906,181,0,2
841,67,F,27,6060.958155012318,448.06248181453446,109,1,0
842,44,F,37,5954.926918282632,106.34925178257413,86,1,1
843,75,M,4,8085.234489030142,140.24884003036993,43,0,2
844,19,M,24,4817.185499405097,147.30215410750088,42,0,1
845,22,M,19,9961.617201430467,361.04531422394314,90,0,1
846,46,F,36,688.7685317860797,321.3677997739775,115,1,4
847,54,F,39,131.3617009489472,328.5462041143647,26,1,4
848,55,F,10,6437.963284440276,473.34798486027546,151,1,0
849,36,M,25,3054.5056323825793,399.1601897632877,43,0,2
850,25,M,18,2479.7856481248896,107.57161603030244,77,0,2
851,65,F,19,3187.8008920423767,206.37818709133145,156,1,0
852,62,F,36,2634.8708945390476,245.92714077908101,137,1,4
853,18,M,10,404.8214916384337,228.1827149364222,20,0,2
854,39,M,33,9718.177119666829,351.1888741228456,184,0,3
855,69,M,5,2285.380335682539,451.35189646545314,39,0,2
856,34,M,47,7366.894649634132,187.7231585852546,179,0,3
857,24,F,49,7649.704307472335,298.34471138953353,12,1,1
858,42,M,35,9299.64824027157,405.23423986111356,183,0,3
859,62,F,44,402.43962522446174,237.2981264804072,11,1,4
860,21,F,34,8733.278550625377,125.65315777968313,154,1,1
861,53,F,33,5319.539190314023,263.7279343686867,42,1,4
862,23,M,21,6362.186688661696,74.8501343343628,155,0,1
863,77,M,17,6480.255743498234,474.0725543010246,11,0,2
864,48,M,22,8215.998269348802,83.66954233773787,38,0,1
865,36,M,48,3400.732489375194,247.30552186276017,98,0,3
866,78,F,37,7357.2067796139345,288.44656748983675,171,1,0
867,61,M,15,5332.923286249751,493.38672452927847,19,0,2
868,71,M,35,7954.600741622942,124.70982063928734,192,0,3
869,56,F,28,9906.405724424321,101.49418337556136,134,1,1
870,44,M,7,2086.445072297236,53.91776617814461,174,0,2
871,27,F,32,9947.021551443979,120.00714659118604,116,1,1
872,43,F,11,989.1403273994626,143.27284058045043,113,1,4
873,36,F,10,122.94372425765727,333.76142371239155,170,1,0
874,56,F,9,537.2031681605295,148.86805567613018,65,1,4
875,79,F,14,3483.645806893941,59.23436662819634,99,1,0
876,20,F,13,6365.7726737164985,421.9782554761199,72,1,1
877,62,F,25,783.3924547897113,214.51806545178505,187,1,0
878,30,F,2,156.09156384271597,209.16350896133028,52,1,4
879,67,M,35,9377.201181742068,186.11556312556695,118,0,3
880,45,M,7,8237.073695805304,488.9179747158894,175,0,2
881,79,M,21,8110.913394276407,126.55193778917666,120,0,3
882,75,M,18,8855.800327469573,454.2071287789558,7,0,2
883,37,F,3,7030.339300443833,399.5614994629496,11,1,1
884,45,M,42,1133.6008845060062,84.41597997469088,103,0,3
885,25,F,39,4051.091861929858,494.0280956753819,61,1,4
886,78,M,41,7259.179915999832,172.11468359255474,68,0,3
887,58,M,49,2875.311161836057,94.36231716008555,153,0,3
888,56,M,11,6905.323004948752,423.19140535659176,140,0,2
889,18,F,39,342.53463784975827,368.0039901549649,154,1,4
890,20,M,24,3130.759674707973,327.7484626450554,102,0,2
891,30,F,46,5536.390329144009,120.19138866451992,110,1,1
892,45,F,19,6357.689312111798,265.32325231518286,140,1,0
893,79,M,4,5812.702578172917,401.2502120992462,171,0,2
894,74,M,26,7007.787133126952,186.6307721647281,51,0,3
895,77,M,38,160.2786075744068,190.26042283176866,117,0,3
896,66,F,42,1099.3178797774626,51.413407721654956,165,1,4
897,42,M,32,8702.548097563536,128.4095307404208,46,0,1
898,73,F,39,6849.311576492596,443.93253130482543,53,1,0
899,50,F,45,1218.0232625915119,248.7859212369682,88,1,4
900,55,M,46,8436.536930245935,492.9055246554953,121,0,3
901,70,M,36,2498.0890564632123,228.06858360820667,13,0,3
902,23,F,40,4834.772853532712,371.8339046511086,89,1,4
903,75,F,37,1537.4454775581369,176.8635693071281,125,1,4
904,61,F,33,7130.089558574896,213.71433851342007,118,1,0
905,62,M,36,6701.858768041252,135.82669441590258,54,0,3
906,49,F,3,2190.0134645447483,206.17806582472775,185,1,0
907,62,M,9,8647.667591884318,296.2568841892894,116,0,2
908,78,F,8,4072.9296397751505,496.29779644066224,118,1,0
909,64,F,33,2995.899401600344,348.89077088230357,4,1,4
910,38,M,6,1608.062935698901,139.66067948374132,75,0,2
911,33,F,41,2735.0633239038207,70.23264871619801,49,1,4
912,71,M,39,318.0665201157883,106.86041659152977,7,0,3
913,38,M,4,5874.249175315545,303.1498405728713,110,0,2
914,28,F,13,8438.084388805084,394.3221479675448,122,1,1
915,77,M,49,5534.906449472254,473.1886432853361,11,0,3
916,54,M,2,2270.8122230463696,57.12042739856937,92,0,2
917,53,F,5,433.3248643173399,285.2420637028414,182,1,0
918,52,M,44,2224.817925262148,261.8903103004295,173,0,3
919,36,M,27,4219.602137903814,345.2247598890668,23,0,2
920,37,M,32,7620.153144127985,301.81048450940386,28,0,3
921,74,F,21,1959.6442401239638,359.16761776211627,111,1,0
922,35,M,8,7225.935388211392,346.13716313713564,57,0,2
923,64,F,38,8682.641336683648,102.65527618607578,26,1,1
924,58,F,8,4594.073796272735,409.8730611284238,153,1,0
925,66,M,3,8232.176717261675,105.45465907234617,54,0,2
926,31,M,44,5591.107745547446,364.3387813441117,29,0,3
927,32,M,3,6407.199287100959,237.26541543827304,97,0,2
928,48,F,22,5310.156757348207,281.23283055946905,164,1,0
929,18,M,6,4685.409895838284,456.48410646906973,14,0,2
930,70,M,2,2423.0690735809085,450.44767691306896,78,0,2
931,71,M,23,3101.621188664356,418.0353375447633,35,0,2
932,71,M,44,2970.704177541729,279.5667712053455,30,0,3
933,20,M,2,5676.560416442766,381.3079145602249,92,0,2
934,33,F,38,1287.5415609365102,280.80367498346425,17,1,4
935,40,F,17,9176.237737953117,441.32273711364985,195,1,0
936,74,M,35,7234.4859383028215,231.24912495480496,158,0,3
937,28,M,34,4074.311746040617,486.60590498669455,93,0,3
938,29,M,23,1670.3790308111418,469.5452412029949,173,0,2
939,27,M,30,8831.722480244194,383.7211787533035,79,0,1
940,49,F,8,8255.403092001536,175.7371478792324,110,1,1
941,33,M,22,7245.043371900075,109.24411495696629,179,0,1
942,25,F,44,2788.315769371299,434.61655254193886,102,1,4
943,55,F,36,4084.2217105933223,124.38602876208257,106,1,4
944,29,M,5,1117.2076992789912,434.4173550488011,47,0,2
945,41,F,13,1971.491294802564,270.8442530205622,181,1,0
946,45,F,29,7851.864709435656,232.9505527136469,64,1,1
947,70,F,31,7178.88331662177,456.4358504754931,166,1,0
948,25,F,47,5975.509053461754,321.73294214312506,64,1,4
949,75,M,16,8967.694586669111,309.476303208373,87,0,2
950,45,M,42,5874.338526349149,301.444675080979,7,0,3
951,53,F,30,4722.983199639746,217.02628220878913,22,1,4
952,43,M,16,3469.6703884270505,403.53939658810725,81,0,2
953,25,M,12,9410.44020678811,163.75929980709785,169,0,1
954,75,M,17,918.8830690910996,472.5027320185738,74,0,2
955,77,M,16,9315.784983402003,452.29334227113236,138,0,2
956,67,M,12,8284.475133317083,201.86614655370417,185,0,2
957,45,F,8,1386.3062529034428,378.2586964242487,135,1,0
958,45,M,20,5693.34514098501,307.95043750231616,125,0,2
959,54,M,3,8678.82501931596,201.94218589965556,50,0,2
960,58,M,16,5760.9107197108215,494.83474159795105,52,0,2
961,53,M,30,9081.27823345016,61.35680563171889,161,0,1
962,44,F,45,9435.539786478821,163.690713779579,1,1,1
963,71,F,23,4281.606769624628,284.03332750001766,181,1,0
964,34,F,28,3835.405247922604,284.8788515653538,188,1,0
965,26,F,40,9369.579424294652,315.01988372550386,162,1,1
966,50,M,5,6783.886605381714,388.25427741031365,4,0,2
967,70,F,20,1248.624545346876,330.5650237336834,145,1,0
968,37,M,40,518.6883173045438,320.12665723761666,132,0,3
969,30,M,44,5689.827604872905,74.08150831086948,171,0,3
970,45,M,1,9308.692557840404,219.43862950518425,4,0,2
971,65,M,30,8458.062153817602,154.4250828655202,1,0,3
972,46,M,21,6790.892689996931,169.41655022088895,71,0,2
973,30,F,20,1477.2469040217666,299.45186345315517,178,1,4
974,63,F,6,2616.890699112086,139.7773917183238,189,1,0
975,52,F,22,8767.5611428709,182.27709545760388,35,1,1
976,78,F,18,1909.7916429033146,156.68811883280304,8,1,4
977,23,M,8,2856.550141679302,476.8263244481876,152,0,2
978,35,F,39,1383.0464468348753,475.0995794769928,36,1,4
979,68,M,32,6793.4714910026705,324.47370136822326,178,0,3
980,22,F,33,9445.424823095775,466.03511092935497,123,1,1
981,64,M,16,2762.783512794321,403.6156904607679,43,0,2
982,42,M,12,4806.525417715729,315.47654726081396,27,0,2
983,19,F,38,6379.963423140923,52.89584517355807,32,1,1
984,27,M,34,9994.715857334744,397.6323287357318,78,0,1
985,73,M,14,1137.599843475964,366.119753714811,121,0,2
986,47,F,36,5035.850915106521,326.8641439770863,146,1,0
987,67,M,33,3912.6891870347504,392.1909402571123,156,0,3
988,76,F,23,8671.619635701316,280.8149741486446,157,1,0
989,62,F,45,4812.080537015393,366.83747209460256,16,1,4
990,22,F,2,1198.6774933929662,470.827439026922,99,1,4
991,72,M,41,6380.799038337178,219.1122571307388,47,0,3
992,73,M,21,7730.7281208124095,368.65482570528144,187,0,2
993,50,M,2,128.52439148958447,264.0595181049314,31,0,2
994,71,F,27,8603.671185664232,353.4798433162917,4,1,0
995,18,M,9,1941.6277000560897,393.30200099946387,165,0,2
996,35,F,1,5565.4867100684405,70.45362519610819,17,1,1
997,49,F,11,4216.395256805757,340.97019977689786,39,1,4
998,64,M,3,7224.572784444251,152.03353298312504,48,0,2
999,66,F,23,3774.4999863788444,351.514642013405,174,1,0
