-- phpMyAdmin SQL Dump
-- version 5.2.1
-- https://www.phpmyadmin.net/
--
-- Host: 127.0.0.1
-- Generation Time: Nov 14, 2024 at 04:50 PM
-- Server version: 10.4.32-MariaDB
-- PHP Version: 8.2.12

SET SQL_MODE = "NO_AUTO_VALUE_ON_ZERO";
START TRANSACTION;
SET time_zone = "+00:00";


/*!40101 SET @OLD_CHARACTER_SET_CLIENT=@@CHARACTER_SET_CLIENT */;
/*!40101 SET @OLD_CHARACTER_SET_RESULTS=@@CHARACTER_SET_RESULTS */;
/*!40101 SET @OLD_COLLATION_CONNECTION=@@COLLATION_CONNECTION */;
/*!40101 SET NAMES utf8mb4 */;

--
-- Database: `retaildw`
--

-- --------------------------------------------------------

--
-- Table structure for table `customer_dim`
--

CREATE TABLE `customer_dim` (
  `customer_id` int(11) NOT NULL,
  `customer_name` varchar(100) DEFAULT NULL,
  `city` varchar(100) DEFAULT NULL,
  `age` int(11) DEFAULT NULL,
  `gender` varchar(10) DEFAULT NULL
) ENGINE=InnoDB DEFAULT CHARSET=utf8mb4 COLLATE=utf8mb4_general_ci;

--
-- Dumping data for table `customer_dim`
--

INSERT INTO `customer_dim` (`customer_id`, `customer_name`, `city`, `age`, `gender`) VALUES
(100, 'Charles-Guillaume Lemaître', 'Saint Augustin', 31, 'Male'),
(152, 'Sylvie Raymond', 'Menard', 62, 'Male'),
(168, 'Arnaude de Chartier', 'Chrétienboeuf', 46, 'Female'),
(257, 'François de la Hamon', 'Lopez', 69, 'Female'),
(274, 'Capucine Garcia-Weiss', 'Henry-sur-Mer', 51, 'Female'),
(337, 'Stéphanie Adam de Humbert', 'Delattre', 51, 'Female'),
(367, 'Maurice Devaux de la Thierry', 'Sainte Stéphanie-sur-Mer', 27, 'Male'),
(430, 'Stéphane Potier', 'Blanchet', 26, 'Male'),
(724, 'Alix Teixeira-Delorme', 'Lacombe', 59, 'Female'),
(730, 'Zacharie Courtois', 'Sainte Adrienne', 34, 'Female'),
(751, 'Claire Bernard-Pierre', 'Sainte Margaud', 49, 'Female'),
(752, 'Jeanne Dos Santos', 'Saint Victor-la-Forêt', 41, 'Female'),
(842, 'Pierre Daniel', 'Lacroix', 64, 'Female'),
(898, 'Susan-Philippine Coulon', 'Sainte Frédéricboeuf', 50, 'Male'),
(911, 'Renée Hardy', 'Valentin-la-Forêt', 26, 'Male'),
(1036, 'Rémy Moulin', 'Paris', 23, 'Female'),
(1050, 'Gérard Guichard', 'LerouxVille', 49, 'Female'),
(1280, 'Denis Camus du Guillou', 'Parent', 43, 'Male'),
(1329, 'Jacques Fournier', 'Torresdan', 22, 'Male'),
(1421, 'Alphonse-Michel Monnier', 'Sainte Zacharie', 48, 'Male'),
(1468, 'Julien Moulin', 'Mary-sur-Noël', 60, 'Male'),
(1554, 'Émile de Pasquier', 'Saint Jacqueline', 47, 'Female'),
(1594, 'Laetitia Marques', 'Sainte Bertrand', 26, 'Male'),
(1615, 'Stéphanie de la Lelièvre', 'Valette', 49, 'Male'),
(1683, 'Timothée Rey', 'Marion', 69, 'Female'),
(1749, 'Mathilde Petitjean', 'Sainte Pénélope-sur-Mer', 62, 'Male'),
(1829, 'Laetitia Gimenez Le Chartier', 'Henry', 43, 'Male'),
(1841, 'Valentine Gosselin', 'Sainte Sylvie-la-Forêt', 19, 'Female'),
(2006, 'Édouard Moreau', 'Perrot-les-Bains', 49, 'Male'),
(2286, 'Océane Michel', 'Saint Émile-les-Bains', 37, 'Male'),
(2301, 'Christophe Blanchard de Joly', 'Rodrigues-sur-Mer', 65, 'Male'),
(2337, 'Capucine Pasquier', 'Meyer-les-Bains', 42, 'Female'),
(2346, 'Luce Thomas-Jacques', 'GomesBourg', 64, 'Female'),
(2391, 'Nath Pinto-Seguin', 'AllainBourg', 68, 'Male'),
(2452, 'Denis Maillet', 'Courtois-les-Bains', 62, 'Female'),
(2587, 'Hortense Coste', 'Sainte Marcel', 32, 'Female'),
(2629, 'Corinne Gros Le Gosselin', 'Hamon-sur-Mer', 37, 'Female'),
(2696, 'Georges Perret', 'Lambert', 38, 'Female'),
(2790, 'Lucie de la Maurice', 'Hebertdan', 22, 'Female'),
(2872, 'Inès Menard du Pires', 'Morel', 30, 'Female'),
(2882, 'Thomas Cousin', 'Bruneau', 23, 'Male'),
(2929, 'François Martineau du François', 'Allain', 63, 'Female'),
(3021, 'André Dos Santos-Meyer', 'Chauvet', 32, 'Male'),
(3132, 'Georges Lévêque', 'Brunet', 57, 'Male'),
(3172, 'Étienne Millet du Bazin', 'Giraudnec', 42, 'Male'),
(3227, 'Célina Payet', 'Lesage', 34, 'Female'),
(3248, 'Pierre de Simon', 'Laurentboeuf', 50, 'Female'),
(3278, 'Emmanuel du Rousseau', 'Sainte Catherine', 43, 'Male'),
(3353, 'Maryse Lefebvre', 'NguyenBourg', 55, 'Female'),
(3360, 'Marianne Lopes Le Bouchet', 'Guillaume', 21, 'Male'),
(3429, 'Victor-Xavier Delaunay', 'Picardboeuf', 65, 'Female'),
(3465, 'Patricia Charrier', 'Louis', 27, 'Female'),
(3519, 'Manon Morin', 'Maillet', 27, 'Female'),
(3546, 'Julien Delahaye', 'Hebert', 50, 'Female'),
(3592, 'Diane Tessier-Chauvet', 'Wagner', 64, 'Female'),
(3610, 'Joseph Michaud', 'Reynauddan', 42, 'Female'),
(3621, 'Matthieu Léger du Rivière', 'Sainte Sébastiendan', 30, 'Male'),
(3657, 'Marianne Mercier', 'Saint HenriVille', 22, 'Female'),
(3672, 'Caroline Morvan', 'Berthelot-sur-Pons', 32, 'Female'),
(3782, 'Marcel Guillot', 'Legendre-sur-Lefèvre', 44, 'Male'),
(3786, 'Alain Blot', 'Dias', 58, 'Male'),
(3795, 'Nicolas Texier', 'Valette', 69, 'Male'),
(3864, 'Théodore Morvan', 'Perrierboeuf', 22, 'Female'),
(3919, 'Benjamin Devaux', 'Louis', 53, 'Female'),
(3989, 'Manon Martins', 'Vidal', 21, 'Male'),
(4004, 'Jean Royer-Lacombe', 'Saint Suzanneboeuf', 22, 'Female'),
(4036, 'Audrey Riou-Meunier', 'Vasseur', 26, 'Male'),
(4096, 'Michel Georges', 'Verdier', 54, 'Male'),
(4132, 'Arthur David du Couturier', 'Normand', 25, 'Female'),
(4152, 'Philippine Mary-Lelièvre', 'Le Roux', 47, 'Male'),
(4169, 'Jeannine Roux', 'Bailly-sur-Colin', 55, 'Male'),
(4194, 'Margaret de Pereira', 'Lebon-sur-Loiseau', 37, 'Female'),
(4503, 'Henriette Dijoux', 'Hebert', 55, 'Male'),
(4522, 'Céline Morel', 'Bailly', 24, 'Female'),
(4558, 'Danielle Grenier', 'Bègue', 62, 'Female'),
(4681, 'Paul Morin de la Léger', 'Caron-sur-Caron', 44, 'Female'),
(4710, 'Matthieu Julien', 'Jacob-sur-Mer', 38, 'Male'),
(4717, 'William Guilbert', 'Briand', 43, 'Male'),
(4772, 'Georges Bailly', 'Saint Alexandre', 47, 'Female'),
(4800, 'Manon Pottier', 'Blanchet', 23, 'Male'),
(4831, 'Agathe Cohen', 'Lejeune-sur-Weber', 34, 'Male'),
(4995, 'Zoé Hoareau', 'Gaudin-la-Forêt', 57, 'Male'),
(5067, 'Louis Delmas', 'Sainte Aurélienec', 27, 'Male'),
(5156, 'Margot de Pascal', 'Jacquot-la-Forêt', 52, 'Female'),
(5192, 'Henri-Victor Mace', 'Giraudboeuf', 31, 'Male'),
(5213, 'Maryse Ferrand-Torres', 'Marty', 58, 'Female'),
(5217, 'Robert Lévêque-Delmas', 'LévyVille', 28, 'Female'),
(5240, 'Lucie Vallet', 'Courtois', 27, 'Female'),
(5270, 'Auguste Delaunay', 'Besson-sur-Fleury', 56, 'Female'),
(5275, 'Arthur Guillot', 'Le GallBourg', 20, 'Male'),
(5367, 'Antoine Dupuy Le Bouchet', 'Royer-les-Bains', 37, 'Female'),
(5376, 'Josette Pages', 'Joubert', 38, 'Female'),
(5407, 'Roland Da Silva Le Antoine', 'Alexandre', 43, 'Female'),
(5519, 'Caroline Weiss', 'Sainte Jeanninenec', 29, 'Female'),
(5579, 'Frédéric du Lévêque', 'Costa-sur-Bonnet', 54, 'Male'),
(5621, 'Michèle Duhamel', 'Arnaud-sur-Mer', 24, 'Male'),
(5634, 'Léon-Robert Meunier', 'Langlois-sur-Lecomte', 42, 'Female'),
(5681, 'Richard-Charles Dos Santos', 'Pottier', 36, 'Female'),
(5723, 'Olivie Dumas', 'Marchand', 32, 'Male'),
(5791, 'Anaïs Bourgeois', 'Sainte Renéeboeuf', 22, 'Female'),
(5830, 'Nicolas Charles de Andre', 'Saint CatherineVille', 18, 'Male'),
(5887, 'William Chevalier', 'Voisin', 37, 'Female'),
(5895, 'Josette de la Roche', 'Charpentier', 63, 'Female'),
(5940, 'Véronique Boulay', 'Clément', 61, 'Female'),
(6026, 'Joséphine-Margot Guillaume', 'Sainte Sophie', 60, 'Male'),
(6029, 'Adrien Gimenez', 'Mahe', 22, 'Female'),
(6089, 'Gérard de la Raymond', 'Martinez-la-Forêt', 54, 'Male'),
(6108, 'Pénélope-Alix Lefebvre', 'Perret', 61, 'Male'),
(6152, 'Pierre Barbe de la Jourdan', 'Sainte Jacques', 42, 'Male'),
(6155, 'Louis Robin', 'Riou', 22, 'Female'),
(6185, 'Corinne Navarro', 'Barbier-sur-Martin', 65, 'Female'),
(6190, 'Jeanne Legrand-Royer', 'Cohen', 38, 'Female'),
(6289, 'Louis Bouchet', 'BoulangerVille', 25, 'Male'),
(6320, 'Alexandre-Émile Faure', 'Saint RichardBourg', 37, 'Female'),
(6322, 'Maurice Germain', 'MoulinVille', 46, 'Male'),
(6333, 'Olivier Colas', 'Pierre', 35, 'Male'),
(6376, 'Gilbert Le Schmitt', 'Aubry-sur-Mer', 30, 'Female'),
(6459, 'Adèle Gillet de Guillou', 'Saint Nath', 49, 'Female'),
(6615, 'Grégoire Lenoir', 'Lebreton-sur-Tanguy', 32, 'Female'),
(6637, 'Timothée Dubois de la Dumas', 'Sainte Valentine-sur-Mer', 30, 'Female'),
(6777, 'Thérèse Maréchal', 'Chevallier-la-Forêt', 57, 'Male'),
(6852, 'Lucy Durand', 'FernandesVille', 26, 'Female'),
(6888, 'Théophile de Denis', 'Lecoqboeuf', 23, 'Male'),
(6899, 'Célina Barbier', 'Le Roux-sur-Couturier', 20, 'Female'),
(6922, 'Agathe Lefèvre', 'Martinez-la-Forêt', 65, 'Female'),
(6932, 'Roland Simon', 'Sainte MathildeBourg', 36, 'Female'),
(7007, 'Olivier Picard-Leduc', 'Sainte Jeanne', 55, 'Male'),
(7066, 'Maurice Faure', 'Sainte Constancenec', 70, 'Male'),
(7074, 'Bernadette Denis', 'Hernandez-sur-Fabre', 38, 'Female'),
(7101, 'Victor Bodin', 'Lamy', 47, 'Female'),
(7125, 'Isaac Chevalier', 'Dupontdan', 68, 'Male'),
(7174, 'Henriette Rodrigues', 'Lemonnier', 55, 'Female'),
(7253, 'Stéphane Rossi', 'PoulainVille', 48, 'Male'),
(7326, 'Étienne-Lucas Perrot', 'PaulVille', 40, 'Female'),
(7335, 'Élisabeth Da Costa-Marion', 'Saint Geneviève', 30, 'Female'),
(7340, 'Vincent-Noël Bousquet', 'Bernier', 46, 'Male'),
(7354, 'Marie Bonneau', 'Lagarde-sur-Lefort', 66, 'Female'),
(7444, 'Thibault Rocher', 'Saint Gillesdan', 49, 'Male'),
(7509, 'Michèle Maury de la Arnaud', 'Vaillant-les-Bains', 28, 'Male'),
(7568, 'Théodore du Prévost', 'LombardBourg', 70, 'Male'),
(7610, 'Océane Marin', 'Sainte Théodore', 25, 'Female'),
(7654, 'Luc Rocher', 'Sainte Diane-les-Bains', 57, 'Female'),
(7676, 'Jeanne-Colette Lefebvre', 'Bonnin', 54, 'Female'),
(7696, 'Matthieu Weber', 'LeblancBourg', 59, 'Male'),
(7727, 'Lucas Perret', 'Saint Claire', 21, 'Male'),
(7744, 'Émilie Couturier', 'LegrosBourg', 35, 'Female'),
(7767, 'Frédérique Marie', 'MarinVille', 43, 'Male'),
(7839, 'Rémy Labbé', 'Leduc-sur-Lucas', 59, 'Male'),
(7856, 'Frédérique-Élise Joly', 'Coulondan', 49, 'Male'),
(7911, 'René Gosselin', 'Allain', 23, 'Male'),
(7946, 'Alphonse Antoine du Fournier', 'Laroche', 34, 'Male'),
(8020, 'Mathilde Gosselin', 'Duhamel-sur-Voisin', 61, 'Female'),
(8023, 'Émilie Martineau', 'Denis', 62, 'Male'),
(8060, 'Émilie Girard de la Descamps', 'ValletVille', 43, 'Female'),
(8081, 'Denis Dumont', 'Roy-sur-Boyer', 28, 'Female'),
(8138, 'Marc Nicolas', 'Collin', 21, 'Female'),
(8143, 'Stéphane Le Lebrun', 'Sainte BrigitteVille', 55, 'Female'),
(8150, 'Benjamin Lenoir', 'Perret', 70, 'Male'),
(8180, 'Maurice Louis', 'Sainte Bernard', 69, 'Female'),
(8203, 'Odette Le Faure', 'Saint Dominiqueboeuf', 28, 'Female'),
(8216, 'Alexandrie Laurent', 'Jacobboeuf', 65, 'Female'),
(8240, 'Lucas Gaudin-Léger', 'Saint AnoukBourg', 64, 'Male'),
(8313, 'Agnès-Astrid Bonnin', 'Jean-sur-Bernard', 59, 'Male'),
(8366, 'Robert-Éric Thierry', 'Martinez-sur-Antoine', 26, 'Female'),
(8371, 'Josette Lagarde', 'Saint Henriette', 68, 'Male'),
(8601, 'Nicolas Gomez', 'Dufour-sur-Lecoq', 20, 'Male'),
(8607, 'Sébastien-Raymond Henry', 'Guérin', 29, 'Male'),
(8612, 'Pénélope Buisson', 'Brun', 39, 'Female'),
(8647, 'Aimée Rémy', 'TecherBourg', 25, 'Female'),
(8732, 'Alphonse Weiss', 'Gaudin-sur-Lambert', 33, 'Female'),
(8747, 'Manon Bailly', 'Meunier-les-Bains', 63, 'Male'),
(8780, 'Christine Fernandes', 'Letellier-sur-Lambert', 62, 'Male'),
(8836, 'Martine Techer-Guillou', 'Dumas', 27, 'Female'),
(8873, 'Alexandre Gillet', 'Dijoux-sur-Henry', 55, 'Female'),
(8899, 'Margot de la Caron', 'LopesVille', 25, 'Male'),
(8910, 'Robert du Guyot', 'Brunel', 44, 'Female'),
(8926, 'Gabriel de Brunel', 'Vallée-les-Bains', 51, 'Female'),
(8949, 'Alexandre Sauvage', 'Guilbert', 36, 'Male'),
(8950, 'Xavier Ruiz de la Schmitt', 'Perret-sur-Mer', 28, 'Female'),
(8953, 'Henriette-Élisabeth Louis', 'ChauvetBourg', 59, 'Female'),
(8993, 'Stéphanie-Agnès Hoareau', 'Alves', 40, 'Female'),
(9007, 'Nathalie François-Morin', 'Saint FrançoisVille', 35, 'Female'),
(9163, 'Vincent Gay-Joseph', 'BègueVille', 29, 'Female'),
(9198, 'Bernard Martinez', 'GuillotVille', 54, 'Female'),
(9213, 'Jeannine-Marcelle Coulon', 'Imbertboeuf', 52, 'Female'),
(9331, 'Aimée Boucher de la Antoine', 'Sainte Roger', 37, 'Female'),
(9353, 'Agnès-Anastasie Torres', 'Hervéboeuf', 32, 'Female'),
(9532, 'Élisabeth Clément', 'Le Goffboeuf', 64, 'Female'),
(9559, 'Martin Rolland-Morel', 'TecherBourg', 32, 'Female'),
(9601, 'Honoré Sauvage', 'Legendre', 19, 'Female'),
(9658, 'Alphonse Clerc', 'Costa', 44, 'Male'),
(9666, 'Richard Collet', 'Sainte Josette', 61, 'Male'),
(9746, 'Alphonse Le Arnaud', 'Jourdan', 59, 'Female'),
(9835, 'André Gosselin', 'Saint Alexandre', 30, 'Female'),
(9858, 'Benoît Gilles', 'Hamon', 27, 'Male'),
(9867, 'Lorraine Allain', 'Michaud-sur-Martin', 44, 'Male'),
(9917, 'Charlotte-Sylvie Godard', 'Pires-sur-Rodriguez', 25, 'Male'),
(9933, 'Isaac de Tessier', 'Sainte Jeannedan', 40, 'Female'),
(9935, 'Brigitte Tessier', 'Guillet', 58, 'Female'),
(9953, 'Caroline Gonzalez', 'Da Silva', 27, 'Female');

-- --------------------------------------------------------

--
-- Table structure for table `date_dim`
--

CREATE TABLE `date_dim` (
  `date_id` int(11) NOT NULL,
  `DATE` date DEFAULT NULL,
  `day_of_week` varchar(15) DEFAULT NULL,
  `MONTH` varchar(15) DEFAULT NULL,
  `YEAR` int(11) DEFAULT NULL
) ENGINE=InnoDB DEFAULT CHARSET=utf8mb4 COLLATE=utf8mb4_general_ci;

--
-- Dumping data for table `date_dim`
--

INSERT INTO `date_dim` (`date_id`, `DATE`, `day_of_week`, `MONTH`, `YEAR`) VALUES
(20220101, '2022-01-01', 'Saturday', 'January', 2022),
(20220102, '2022-01-02', 'Sunday', 'January', 2022),
(20220103, '2022-01-03', 'Monday', 'January', 2022),
(20220104, '2022-01-04', 'Tuesday', 'January', 2022),
(20220105, '2022-01-05', 'Wednesday', 'January', 2022),
(20220106, '2022-01-06', 'Thursday', 'January', 2022),
(20220107, '2022-01-07', 'Friday', 'January', 2022),
(20220108, '2022-01-08', 'Saturday', 'January', 2022),
(20220109, '2022-01-09', 'Sunday', 'January', 2022),
(20220110, '2022-01-10', 'Monday', 'January', 2022),
(20220111, '2022-01-11', 'Tuesday', 'January', 2022),
(20220112, '2022-01-12', 'Wednesday', 'January', 2022),
(20220113, '2022-01-13', 'Thursday', 'January', 2022),
(20220114, '2022-01-14', 'Friday', 'January', 2022),
(20220115, '2022-01-15', 'Saturday', 'January', 2022),
(20220116, '2022-01-16', 'Sunday', 'January', 2022),
(20220117, '2022-01-17', 'Monday', 'January', 2022),
(20220118, '2022-01-18', 'Tuesday', 'January', 2022),
(20220119, '2022-01-19', 'Wednesday', 'January', 2022),
(20220120, '2022-01-20', 'Thursday', 'January', 2022),
(20220121, '2022-01-21', 'Friday', 'January', 2022),
(20220122, '2022-01-22', 'Saturday', 'January', 2022),
(20220123, '2022-01-23', 'Sunday', 'January', 2022),
(20220124, '2022-01-24', 'Monday', 'January', 2022),
(20220125, '2022-01-25', 'Tuesday', 'January', 2022),
(20220126, '2022-01-26', 'Wednesday', 'January', 2022),
(20220127, '2022-01-27', 'Thursday', 'January', 2022),
(20220128, '2022-01-28', 'Friday', 'January', 2022),
(20220129, '2022-01-29', 'Saturday', 'January', 2022),
(20220130, '2022-01-30', 'Sunday', 'January', 2022),
(20220131, '2022-01-31', 'Monday', 'January', 2022),
(20220201, '2022-02-01', 'Tuesday', 'February', 2022),
(20220202, '2022-02-02', 'Wednesday', 'February', 2022),
(20220203, '2022-02-03', 'Thursday', 'February', 2022),
(20220204, '2022-02-04', 'Friday', 'February', 2022),
(20220205, '2022-02-05', 'Saturday', 'February', 2022),
(20220206, '2022-02-06', 'Sunday', 'February', 2022),
(20220207, '2022-02-07', 'Monday', 'February', 2022),
(20220208, '2022-02-08', 'Tuesday', 'February', 2022),
(20220209, '2022-02-09', 'Wednesday', 'February', 2022),
(20220210, '2022-02-10', 'Thursday', 'February', 2022),
(20220211, '2022-02-11', 'Friday', 'February', 2022),
(20220212, '2022-02-12', 'Saturday', 'February', 2022),
(20220213, '2022-02-13', 'Sunday', 'February', 2022),
(20220214, '2022-02-14', 'Monday', 'February', 2022),
(20220215, '2022-02-15', 'Tuesday', 'February', 2022),
(20220216, '2022-02-16', 'Wednesday', 'February', 2022),
(20220217, '2022-02-17', 'Thursday', 'February', 2022),
(20220218, '2022-02-18', 'Friday', 'February', 2022),
(20220219, '2022-02-19', 'Saturday', 'February', 2022),
(20220220, '2022-02-20', 'Sunday', 'February', 2022),
(20220221, '2022-02-21', 'Monday', 'February', 2022),
(20220222, '2022-02-22', 'Tuesday', 'February', 2022),
(20220223, '2022-02-23', 'Wednesday', 'February', 2022),
(20220224, '2022-02-24', 'Thursday', 'February', 2022),
(20220225, '2022-02-25', 'Friday', 'February', 2022),
(20220226, '2022-02-26', 'Saturday', 'February', 2022),
(20220227, '2022-02-27', 'Sunday', 'February', 2022),
(20220228, '2022-02-28', 'Monday', 'February', 2022),
(20220301, '2022-03-01', 'Tuesday', 'March', 2022),
(20220302, '2022-03-02', 'Wednesday', 'March', 2022),
(20220303, '2022-03-03', 'Thursday', 'March', 2022),
(20220304, '2022-03-04', 'Friday', 'March', 2022),
(20220305, '2022-03-05', 'Saturday', 'March', 2022),
(20220306, '2022-03-06', 'Sunday', 'March', 2022),
(20220307, '2022-03-07', 'Monday', 'March', 2022),
(20220308, '2022-03-08', 'Tuesday', 'March', 2022),
(20220309, '2022-03-09', 'Wednesday', 'March', 2022),
(20220310, '2022-03-10', 'Thursday', 'March', 2022),
(20220311, '2022-03-11', 'Friday', 'March', 2022),
(20220312, '2022-03-12', 'Saturday', 'March', 2022),
(20220313, '2022-03-13', 'Sunday', 'March', 2022),
(20220314, '2022-03-14', 'Monday', 'March', 2022),
(20220315, '2022-03-15', 'Tuesday', 'March', 2022),
(20220316, '2022-03-16', 'Wednesday', 'March', 2022),
(20220317, '2022-03-17', 'Thursday', 'March', 2022),
(20220318, '2022-03-18', 'Friday', 'March', 2022),
(20220319, '2022-03-19', 'Saturday', 'March', 2022),
(20220320, '2022-03-20', 'Sunday', 'March', 2022),
(20220321, '2022-03-21', 'Monday', 'March', 2022),
(20220322, '2022-03-22', 'Tuesday', 'March', 2022),
(20220323, '2022-03-23', 'Wednesday', 'March', 2022),
(20220324, '2022-03-24', 'Thursday', 'March', 2022),
(20220325, '2022-03-25', 'Friday', 'March', 2022),
(20220326, '2022-03-26', 'Saturday', 'March', 2022),
(20220327, '2022-03-27', 'Sunday', 'March', 2022),
(20220328, '2022-03-28', 'Monday', 'March', 2022),
(20220329, '2022-03-29', 'Tuesday', 'March', 2022),
(20220330, '2022-03-30', 'Wednesday', 'March', 2022),
(20220331, '2022-03-31', 'Thursday', 'March', 2022),
(20220401, '2022-04-01', 'Friday', 'April', 2022),
(20220402, '2022-04-02', 'Saturday', 'April', 2022),
(20220403, '2022-04-03', 'Sunday', 'April', 2022),
(20220404, '2022-04-04', 'Monday', 'April', 2022),
(20220405, '2022-04-05', 'Tuesday', 'April', 2022),
(20220406, '2022-04-06', 'Wednesday', 'April', 2022),
(20220407, '2022-04-07', 'Thursday', 'April', 2022),
(20220408, '2022-04-08', 'Friday', 'April', 2022),
(20220409, '2022-04-09', 'Saturday', 'April', 2022),
(20220410, '2022-04-10', 'Sunday', 'April', 2022),
(20220411, '2022-04-11', 'Monday', 'April', 2022),
(20220412, '2022-04-12', 'Tuesday', 'April', 2022),
(20220413, '2022-04-13', 'Wednesday', 'April', 2022),
(20220414, '2022-04-14', 'Thursday', 'April', 2022),
(20220415, '2022-04-15', 'Friday', 'April', 2022),
(20220416, '2022-04-16', 'Saturday', 'April', 2022),
(20220417, '2022-04-17', 'Sunday', 'April', 2022),
(20220418, '2022-04-18', 'Monday', 'April', 2022),
(20220419, '2022-04-19', 'Tuesday', 'April', 2022),
(20220420, '2022-04-20', 'Wednesday', 'April', 2022),
(20220421, '2022-04-21', 'Thursday', 'April', 2022),
(20220422, '2022-04-22', 'Friday', 'April', 2022),
(20220423, '2022-04-23', 'Saturday', 'April', 2022),
(20220424, '2022-04-24', 'Sunday', 'April', 2022),
(20220425, '2022-04-25', 'Monday', 'April', 2022),
(20220426, '2022-04-26', 'Tuesday', 'April', 2022),
(20220427, '2022-04-27', 'Wednesday', 'April', 2022),
(20220428, '2022-04-28', 'Thursday', 'April', 2022),
(20220429, '2022-04-29', 'Friday', 'April', 2022),
(20220430, '2022-04-30', 'Saturday', 'April', 2022),
(20220501, '2022-05-01', 'Sunday', 'May', 2022),
(20220502, '2022-05-02', 'Monday', 'May', 2022),
(20220503, '2022-05-03', 'Tuesday', 'May', 2022),
(20220504, '2022-05-04', 'Wednesday', 'May', 2022),
(20220505, '2022-05-05', 'Thursday', 'May', 2022),
(20220506, '2022-05-06', 'Friday', 'May', 2022),
(20220507, '2022-05-07', 'Saturday', 'May', 2022),
(20220508, '2022-05-08', 'Sunday', 'May', 2022),
(20220509, '2022-05-09', 'Monday', 'May', 2022),
(20220510, '2022-05-10', 'Tuesday', 'May', 2022),
(20220511, '2022-05-11', 'Wednesday', 'May', 2022),
(20220512, '2022-05-12', 'Thursday', 'May', 2022),
(20220513, '2022-05-13', 'Friday', 'May', 2022),
(20220514, '2022-05-14', 'Saturday', 'May', 2022),
(20220515, '2022-05-15', 'Sunday', 'May', 2022),
(20220516, '2022-05-16', 'Monday', 'May', 2022),
(20220517, '2022-05-17', 'Tuesday', 'May', 2022),
(20220518, '2022-05-18', 'Wednesday', 'May', 2022),
(20220519, '2022-05-19', 'Thursday', 'May', 2022),
(20220520, '2022-05-20', 'Friday', 'May', 2022),
(20220521, '2022-05-21', 'Saturday', 'May', 2022),
(20220522, '2022-05-22', 'Sunday', 'May', 2022),
(20220523, '2022-05-23', 'Monday', 'May', 2022),
(20220524, '2022-05-24', 'Tuesday', 'May', 2022),
(20220525, '2022-05-25', 'Wednesday', 'May', 2022),
(20220526, '2022-05-26', 'Thursday', 'May', 2022),
(20220527, '2022-05-27', 'Friday', 'May', 2022),
(20220528, '2022-05-28', 'Saturday', 'May', 2022),
(20220529, '2022-05-29', 'Sunday', 'May', 2022),
(20220530, '2022-05-30', 'Monday', 'May', 2022),
(20220531, '2022-05-31', 'Tuesday', 'May', 2022),
(20220601, '2022-06-01', 'Wednesday', 'June', 2022),
(20220602, '2022-06-02', 'Thursday', 'June', 2022),
(20220603, '2022-06-03', 'Friday', 'June', 2022),
(20220604, '2022-06-04', 'Saturday', 'June', 2022),
(20220605, '2022-06-05', 'Sunday', 'June', 2022),
(20220606, '2022-06-06', 'Monday', 'June', 2022),
(20220607, '2022-06-07', 'Tuesday', 'June', 2022),
(20220608, '2022-06-08', 'Wednesday', 'June', 2022),
(20220609, '2022-06-09', 'Thursday', 'June', 2022),
(20220610, '2022-06-10', 'Friday', 'June', 2022),
(20220611, '2022-06-11', 'Saturday', 'June', 2022),
(20220612, '2022-06-12', 'Sunday', 'June', 2022),
(20220613, '2022-06-13', 'Monday', 'June', 2022),
(20220614, '2022-06-14', 'Tuesday', 'June', 2022),
(20220615, '2022-06-15', 'Wednesday', 'June', 2022),
(20220616, '2022-06-16', 'Thursday', 'June', 2022),
(20220617, '2022-06-17', 'Friday', 'June', 2022),
(20220618, '2022-06-18', 'Saturday', 'June', 2022),
(20220619, '2022-06-19', 'Sunday', 'June', 2022),
(20220620, '2022-06-20', 'Monday', 'June', 2022),
(20220621, '2022-06-21', 'Tuesday', 'June', 2022),
(20220622, '2022-06-22', 'Wednesday', 'June', 2022),
(20220623, '2022-06-23', 'Thursday', 'June', 2022),
(20220624, '2022-06-24', 'Friday', 'June', 2022),
(20220625, '2022-06-25', 'Saturday', 'June', 2022),
(20220626, '2022-06-26', 'Sunday', 'June', 2022),
(20220627, '2022-06-27', 'Monday', 'June', 2022),
(20220628, '2022-06-28', 'Tuesday', 'June', 2022),
(20220629, '2022-06-29', 'Wednesday', 'June', 2022),
(20220630, '2022-06-30', 'Thursday', 'June', 2022),
(20220701, '2022-07-01', 'Friday', 'July', 2022),
(20220702, '2022-07-02', 'Saturday', 'July', 2022),
(20220703, '2022-07-03', 'Sunday', 'July', 2022),
(20220704, '2022-07-04', 'Monday', 'July', 2022),
(20220705, '2022-07-05', 'Tuesday', 'July', 2022),
(20220706, '2022-07-06', 'Wednesday', 'July', 2022),
(20220707, '2022-07-07', 'Thursday', 'July', 2022),
(20220708, '2022-07-08', 'Friday', 'July', 2022),
(20220709, '2022-07-09', 'Saturday', 'July', 2022),
(20220710, '2022-07-10', 'Sunday', 'July', 2022),
(20220711, '2022-07-11', 'Monday', 'July', 2022),
(20220712, '2022-07-12', 'Tuesday', 'July', 2022),
(20220713, '2022-07-13', 'Wednesday', 'July', 2022),
(20220714, '2022-07-14', 'Thursday', 'July', 2022),
(20220715, '2022-07-15', 'Friday', 'July', 2022),
(20220716, '2022-07-16', 'Saturday', 'July', 2022),
(20220717, '2022-07-17', 'Sunday', 'July', 2022),
(20220718, '2022-07-18', 'Monday', 'July', 2022),
(20220719, '2022-07-19', 'Tuesday', 'July', 2022),
(20220720, '2022-07-20', 'Wednesday', 'July', 2022),
(20220721, '2022-07-21', 'Thursday', 'July', 2022),
(20220722, '2022-07-22', 'Friday', 'July', 2022),
(20220723, '2022-07-23', 'Saturday', 'July', 2022),
(20220724, '2022-07-24', 'Sunday', 'July', 2022),
(20220725, '2022-07-25', 'Monday', 'July', 2022),
(20220726, '2022-07-26', 'Tuesday', 'July', 2022),
(20220727, '2022-07-27', 'Wednesday', 'July', 2022),
(20220728, '2022-07-28', 'Thursday', 'July', 2022),
(20220729, '2022-07-29', 'Friday', 'July', 2022),
(20220730, '2022-07-30', 'Saturday', 'July', 2022),
(20220731, '2022-07-31', 'Sunday', 'July', 2022),
(20220801, '2022-08-01', 'Monday', 'August', 2022),
(20220802, '2022-08-02', 'Tuesday', 'August', 2022),
(20220803, '2022-08-03', 'Wednesday', 'August', 2022),
(20220804, '2022-08-04', 'Thursday', 'August', 2022),
(20220805, '2022-08-05', 'Friday', 'August', 2022),
(20220806, '2022-08-06', 'Saturday', 'August', 2022),
(20220807, '2022-08-07', 'Sunday', 'August', 2022),
(20220808, '2022-08-08', 'Monday', 'August', 2022),
(20220809, '2022-08-09', 'Tuesday', 'August', 2022),
(20220810, '2022-08-10', 'Wednesday', 'August', 2022),
(20220811, '2022-08-11', 'Thursday', 'August', 2022),
(20220812, '2022-08-12', 'Friday', 'August', 2022),
(20220813, '2022-08-13', 'Saturday', 'August', 2022),
(20220814, '2022-08-14', 'Sunday', 'August', 2022),
(20220815, '2022-08-15', 'Monday', 'August', 2022),
(20220816, '2022-08-16', 'Tuesday', 'August', 2022),
(20220817, '2022-08-17', 'Wednesday', 'August', 2022),
(20220818, '2022-08-18', 'Thursday', 'August', 2022),
(20220819, '2022-08-19', 'Friday', 'August', 2022),
(20220820, '2022-08-20', 'Saturday', 'August', 2022),
(20220821, '2022-08-21', 'Sunday', 'August', 2022),
(20220822, '2022-08-22', 'Monday', 'August', 2022),
(20220823, '2022-08-23', 'Tuesday', 'August', 2022),
(20220824, '2022-08-24', 'Wednesday', 'August', 2022),
(20220825, '2022-08-25', 'Thursday', 'August', 2022),
(20220826, '2022-08-26', 'Friday', 'August', 2022),
(20220827, '2022-08-27', 'Saturday', 'August', 2022),
(20220828, '2022-08-28', 'Sunday', 'August', 2022),
(20220829, '2022-08-29', 'Monday', 'August', 2022),
(20220830, '2022-08-30', 'Tuesday', 'August', 2022),
(20220831, '2022-08-31', 'Wednesday', 'August', 2022),
(20220901, '2022-09-01', 'Thursday', 'September', 2022),
(20220902, '2022-09-02', 'Friday', 'September', 2022),
(20220903, '2022-09-03', 'Saturday', 'September', 2022),
(20220904, '2022-09-04', 'Sunday', 'September', 2022),
(20220905, '2022-09-05', 'Monday', 'September', 2022),
(20220906, '2022-09-06', 'Tuesday', 'September', 2022),
(20220907, '2022-09-07', 'Wednesday', 'September', 2022),
(20220908, '2022-09-08', 'Thursday', 'September', 2022),
(20220909, '2022-09-09', 'Friday', 'September', 2022),
(20220910, '2022-09-10', 'Saturday', 'September', 2022),
(20220911, '2022-09-11', 'Sunday', 'September', 2022),
(20220912, '2022-09-12', 'Monday', 'September', 2022),
(20220913, '2022-09-13', 'Tuesday', 'September', 2022),
(20220914, '2022-09-14', 'Wednesday', 'September', 2022),
(20220915, '2022-09-15', 'Thursday', 'September', 2022),
(20220916, '2022-09-16', 'Friday', 'September', 2022),
(20220917, '2022-09-17', 'Saturday', 'September', 2022),
(20220918, '2022-09-18', 'Sunday', 'September', 2022),
(20220919, '2022-09-19', 'Monday', 'September', 2022),
(20220920, '2022-09-20', 'Tuesday', 'September', 2022),
(20220921, '2022-09-21', 'Wednesday', 'September', 2022),
(20220922, '2022-09-22', 'Thursday', 'September', 2022),
(20220923, '2022-09-23', 'Friday', 'September', 2022),
(20220924, '2022-09-24', 'Saturday', 'September', 2022),
(20220925, '2022-09-25', 'Sunday', 'September', 2022),
(20220926, '2022-09-26', 'Monday', 'September', 2022),
(20220927, '2022-09-27', 'Tuesday', 'September', 2022),
(20220928, '2022-09-28', 'Wednesday', 'September', 2022),
(20220929, '2022-09-29', 'Thursday', 'September', 2022),
(20220930, '2022-09-30', 'Friday', 'September', 2022),
(20221001, '2022-10-01', 'Saturday', 'October', 2022),
(20221002, '2022-10-02', 'Sunday', 'October', 2022),
(20221003, '2022-10-03', 'Monday', 'October', 2022),
(20221004, '2022-10-04', 'Tuesday', 'October', 2022),
(20221005, '2022-10-05', 'Wednesday', 'October', 2022),
(20221006, '2022-10-06', 'Thursday', 'October', 2022),
(20221007, '2022-10-07', 'Friday', 'October', 2022),
(20221008, '2022-10-08', 'Saturday', 'October', 2022),
(20221009, '2022-10-09', 'Sunday', 'October', 2022),
(20221010, '2022-10-10', 'Monday', 'October', 2022),
(20221011, '2022-10-11', 'Tuesday', 'October', 2022),
(20221012, '2022-10-12', 'Wednesday', 'October', 2022),
(20221013, '2022-10-13', 'Thursday', 'October', 2022),
(20221014, '2022-10-14', 'Friday', 'October', 2022),
(20221015, '2022-10-15', 'Saturday', 'October', 2022),
(20221016, '2022-10-16', 'Sunday', 'October', 2022),
(20221017, '2022-10-17', 'Monday', 'October', 2022),
(20221018, '2022-10-18', 'Tuesday', 'October', 2022),
(20221019, '2022-10-19', 'Wednesday', 'October', 2022),
(20221020, '2022-10-20', 'Thursday', 'October', 2022),
(20221021, '2022-10-21', 'Friday', 'October', 2022),
(20221022, '2022-10-22', 'Saturday', 'October', 2022),
(20221023, '2022-10-23', 'Sunday', 'October', 2022),
(20221024, '2022-10-24', 'Monday', 'October', 2022),
(20221025, '2022-10-25', 'Tuesday', 'October', 2022),
(20221026, '2022-10-26', 'Wednesday', 'October', 2022),
(20221027, '2022-10-27', 'Thursday', 'October', 2022),
(20221028, '2022-10-28', 'Friday', 'October', 2022),
(20221029, '2022-10-29', 'Saturday', 'October', 2022),
(20221030, '2022-10-30', 'Sunday', 'October', 2022),
(20221031, '2022-10-31', 'Monday', 'October', 2022),
(20221101, '2022-11-01', 'Tuesday', 'November', 2022),
(20221102, '2022-11-02', 'Wednesday', 'November', 2022),
(20221103, '2022-11-03', 'Thursday', 'November', 2022),
(20221104, '2022-11-04', 'Friday', 'November', 2022),
(20221105, '2022-11-05', 'Saturday', 'November', 2022),
(20221106, '2022-11-06', 'Sunday', 'November', 2022),
(20221107, '2022-11-07', 'Monday', 'November', 2022),
(20221108, '2022-11-08', 'Tuesday', 'November', 2022),
(20221109, '2022-11-09', 'Wednesday', 'November', 2022),
(20221110, '2022-11-10', 'Thursday', 'November', 2022),
(20221111, '2022-11-11', 'Friday', 'November', 2022),
(20221112, '2022-11-12', 'Saturday', 'November', 2022),
(20221113, '2022-11-13', 'Sunday', 'November', 2022),
(20221114, '2022-11-14', 'Monday', 'November', 2022),
(20221115, '2022-11-15', 'Tuesday', 'November', 2022),
(20221116, '2022-11-16', 'Wednesday', 'November', 2022),
(20221117, '2022-11-17', 'Thursday', 'November', 2022),
(20221118, '2022-11-18', 'Friday', 'November', 2022),
(20221119, '2022-11-19', 'Saturday', 'November', 2022),
(20221120, '2022-11-20', 'Sunday', 'November', 2022),
(20221121, '2022-11-21', 'Monday', 'November', 2022),
(20221122, '2022-11-22', 'Tuesday', 'November', 2022),
(20221123, '2022-11-23', 'Wednesday', 'November', 2022),
(20221124, '2022-11-24', 'Thursday', 'November', 2022),
(20221125, '2022-11-25', 'Friday', 'November', 2022),
(20221126, '2022-11-26', 'Saturday', 'November', 2022),
(20221127, '2022-11-27', 'Sunday', 'November', 2022),
(20221128, '2022-11-28', 'Monday', 'November', 2022),
(20221129, '2022-11-29', 'Tuesday', 'November', 2022),
(20221130, '2022-11-30', 'Wednesday', 'November', 2022),
(20221201, '2022-12-01', 'Thursday', 'December', 2022),
(20221202, '2022-12-02', 'Friday', 'December', 2022),
(20221203, '2022-12-03', 'Saturday', 'December', 2022),
(20221204, '2022-12-04', 'Sunday', 'December', 2022),
(20221205, '2022-12-05', 'Monday', 'December', 2022),
(20221206, '2022-12-06', 'Tuesday', 'December', 2022),
(20221207, '2022-12-07', 'Wednesday', 'December', 2022),
(20221208, '2022-12-08', 'Thursday', 'December', 2022),
(20221209, '2022-12-09', 'Friday', 'December', 2022),
(20221210, '2022-12-10', 'Saturday', 'December', 2022),
(20221211, '2022-12-11', 'Sunday', 'December', 2022),
(20221212, '2022-12-12', 'Monday', 'December', 2022),
(20221213, '2022-12-13', 'Tuesday', 'December', 2022),
(20221214, '2022-12-14', 'Wednesday', 'December', 2022),
(20221215, '2022-12-15', 'Thursday', 'December', 2022),
(20221216, '2022-12-16', 'Friday', 'December', 2022),
(20221217, '2022-12-17', 'Saturday', 'December', 2022),
(20221218, '2022-12-18', 'Sunday', 'December', 2022),
(20221219, '2022-12-19', 'Monday', 'December', 2022),
(20221220, '2022-12-20', 'Tuesday', 'December', 2022),
(20221221, '2022-12-21', 'Wednesday', 'December', 2022),
(20221222, '2022-12-22', 'Thursday', 'December', 2022),
(20221223, '2022-12-23', 'Friday', 'December', 2022),
(20221224, '2022-12-24', 'Saturday', 'December', 2022),
(20221225, '2022-12-25', 'Sunday', 'December', 2022),
(20221226, '2022-12-26', 'Monday', 'December', 2022),
(20221227, '2022-12-27', 'Tuesday', 'December', 2022),
(20221228, '2022-12-28', 'Wednesday', 'December', 2022),
(20221229, '2022-12-29', 'Thursday', 'December', 2022),
(20221230, '2022-12-30', 'Friday', 'December', 2022),
(20221231, '2022-12-31', 'Saturday', 'December', 2022);

-- --------------------------------------------------------

--
-- Table structure for table `product_dim`
--

CREATE TABLE `product_dim` (
  `product_id` int(11) NOT NULL,
  `product_name` varchar(100) DEFAULT NULL,
  `category` varchar(100) DEFAULT NULL,
  `price` decimal(10,2) DEFAULT NULL
) ENGINE=InnoDB DEFAULT CHARSET=utf8mb4 COLLATE=utf8mb4_general_ci;

--
-- Dumping data for table `product_dim`
--

INSERT INTO `product_dim` (`product_id`, `product_name`, `category`, `price`) VALUES
(173, 'Compte', 'Electronics', 57.17),
(484, 'Obéir', 'Electronics', 126.97),
(607, 'Passé', 'Electronics', 142.00),
(611, 'Arrêter', 'Clothing', 93.13),
(748, 'En', 'Furniture', 108.49),
(937, 'Port', 'Food', 165.57),
(956, 'Voie', 'Toys', 139.92),
(1213, 'Rompre', 'Electronics', 146.67),
(1248, 'Or', 'Clothing', 192.34),
(1549, 'Ce', 'Food', 5.30),
(1591, 'Prière', 'Food', 161.44),
(1810, 'Soudain', 'Toys', 131.80),
(1881, 'Puissant', 'Clothing', 189.23),
(2258, 'Autre', 'Food', 45.48),
(2400, 'Rocher', 'Electronics', 10.38),
(2799, 'Fleur', 'Food', 69.20),
(2949, 'Tête', 'Food', 93.93),
(2953, 'Plan', 'Clothing', 163.26),
(2971, 'Important', 'Electronics', 30.05),
(3553, 'Obliger', 'Beauty', 179.20),
(3852, 'Jambe', 'Beauty', 86.37),
(3909, 'Rouler', 'Furniture', 44.64),
(4282, 'Mettre', 'Food', 176.68),
(5032, 'Pourtant', 'Toys', 102.06),
(5154, 'Absolu', 'Food', 170.36),
(5698, 'Relever', 'Furniture', 23.26),
(6822, 'Prière', 'Toys', 130.45),
(6843, 'Ramener', 'Beauty', 103.77),
(7564, 'Empêcher', 'Toys', 185.83),
(7594, 'Machine', 'Beauty', 122.21),
(7612, 'Travers', 'Electronics', 73.78),
(7906, 'Social', 'Clothing', 14.46),
(8102, 'Complet', 'Electronics', 105.80),
(8288, 'État', 'Food', 187.42),
(8390, 'Te', 'Food', 61.66),
(8420, 'Vieillard', 'Toys', 111.90),
(8448, 'Répéter', 'Beauty', 45.53),
(8730, 'Geste', 'Electronics', 155.51),
(8772, 'Construire', 'Food', 45.44),
(8790, 'Même', 'Clothing', 83.64),
(8951, 'Remettre', 'Toys', 31.89),
(9028, 'Français', 'Electronics', 41.23),
(9260, 'Social', 'Clothing', 153.96),
(9332, 'Envelopper', 'Furniture', 37.30),
(9406, 'Doigt', 'Furniture', 80.97),
(9495, 'Nez', 'Furniture', 102.81),
(9622, 'Promener', 'Clothing', 76.54),
(9790, 'Puis', 'Furniture', 156.71),
(9849, 'Diriger', 'Toys', 138.36),
(9957, 'Cheveu', 'Food', 102.30);

-- --------------------------------------------------------

--
-- Table structure for table `sales_fact`
--

CREATE TABLE `sales_fact` (
  `sale_id` int(11) NOT NULL,
  `customer_id` int(11) DEFAULT NULL,
  `product_id` int(11) DEFAULT NULL,
  `date_id` int(11) DEFAULT NULL,
  `quantity` int(11) DEFAULT NULL,
  `total_amount` decimal(10,2) DEFAULT NULL
) ENGINE=InnoDB DEFAULT CHARSET=utf8mb4 COLLATE=utf8mb4_general_ci;

--
-- Dumping data for table `sales_fact`
--

INSERT INTO `sales_fact` (`sale_id`, `customer_id`, `product_id`, `date_id`, `quantity`, `total_amount`) VALUES
(24, 7253, 3553, 20220613, 3, 537.60),
(25, 6190, 9332, 20221111, 6, 223.80),
(26, 7444, 1881, 20221021, 7, 1324.61),
(28, 9198, 9028, 20220516, 8, 329.84),
(36, 8216, 7564, 20220113, 3, 557.49),
(47, 6155, 9332, 20220908, 1, 37.30),
(57, 6888, 3852, 20220317, 4, 345.48),
(60, 3864, 8790, 20220607, 6, 501.84),
(115, 1036, 5032, 20220727, 2, 204.12),
(118, 8371, 5154, 20220312, 4, 681.44),
(133, 7509, 484, 20220721, 1, 126.97),
(143, 7335, 3553, 20221116, 4, 716.80),
(158, 7074, 5698, 20220802, 10, 232.60),
(180, 6155, 937, 20220608, 8, 1324.56),
(182, 7696, 748, 20220505, 7, 759.43),
(194, 3919, 2953, 20220409, 8, 1306.08),
(197, 9559, 8390, 20220417, 3, 184.98),
(199, 152, 7612, 20221011, 2, 147.56),
(209, 3132, 611, 20220723, 3, 279.39),
(214, 5217, 7564, 20220304, 5, 929.15),
(268, 5156, 9849, 20220105, 7, 968.52),
(269, 152, 8730, 20220923, 5, 777.55),
(279, 5367, 5154, 20220228, 10, 1703.60),
(283, 1683, 611, 20220324, 3, 279.39),
(302, 2006, 8102, 20220801, 4, 423.20),
(306, 4194, 8730, 20220130, 7, 1088.57),
(315, 9658, 748, 20221202, 9, 976.41),
(335, 6459, 2799, 20220608, 8, 553.60),
(341, 898, 8730, 20220118, 3, 466.53),
(404, 3592, 2949, 20221004, 7, 657.51),
(428, 1615, 956, 20220404, 6, 839.52),
(446, 7610, 1248, 20221203, 7, 1346.38),
(501, 6899, 8420, 20220128, 8, 895.20),
(525, 8607, 1549, 20220804, 7, 37.10),
(535, 8993, 1881, 20220325, 9, 1703.07),
(536, 6888, 9849, 20220224, 8, 1106.88),
(545, 8601, 3553, 20221111, 6, 1075.20),
(548, 8020, 937, 20220306, 10, 1655.70),
(549, 6932, 8390, 20220704, 3, 184.98),
(556, 8216, 6843, 20220118, 1, 103.77),
(579, 6888, 173, 20221011, 6, 343.02),
(583, 5270, 8730, 20220726, 8, 1244.08),
(591, 7839, 3553, 20220430, 3, 537.60),
(599, 168, 7612, 20221005, 4, 295.12),
(622, 5213, 8288, 20221021, 7, 1311.94),
(635, 752, 1248, 20220628, 3, 577.02),
(645, 7696, 9260, 20220621, 5, 769.80),
(648, 274, 484, 20220401, 8, 1015.76),
(659, 1421, 3852, 20221219, 8, 690.96),
(663, 3519, 748, 20220119, 4, 433.96),
(670, 7007, 8102, 20221008, 1, 105.80),
(671, 6289, 2953, 20220412, 10, 1632.60),
(674, 4132, 9790, 20220930, 8, 1253.68),
(675, 4558, 7612, 20220718, 8, 590.24),
(683, 8950, 1881, 20220209, 5, 946.15),
(690, 4132, 937, 20221223, 6, 993.42),
(693, 100, 1881, 20220930, 6, 1135.38),
(728, 6376, 1881, 20220103, 6, 1135.38),
(735, 3592, 8730, 20220822, 6, 933.06),
(739, 9331, 8448, 20220330, 8, 364.24),
(742, 6320, 8790, 20220414, 7, 585.48),
(764, 3360, 1591, 20220716, 9, 1452.96),
(770, 2301, 8420, 20221211, 5, 559.50),
(787, 9867, 3909, 20220521, 6, 267.84),
(798, 6322, 9957, 20220505, 10, 1023.00),
(806, 4800, 9332, 20221123, 2, 74.60),
(833, 9935, 6822, 20221031, 3, 391.35),
(844, 8926, 8288, 20220802, 6, 1124.52),
(846, 6320, 5154, 20220421, 10, 1703.60),
(848, 2452, 8772, 20220706, 7, 318.08),
(849, 5723, 1213, 20220322, 8, 1173.36),
(852, 3021, 1881, 20220603, 10, 1892.30),
(857, 6932, 9957, 20221026, 6, 613.80),
(872, 3782, 9260, 20220320, 6, 923.76),
(873, 5376, 8288, 20220522, 5, 937.10),
(885, 7335, 9849, 20220526, 10, 1383.60),
(892, 7444, 8730, 20220131, 7, 1088.57),
(912, 8081, 2949, 20221015, 6, 563.58),
(943, 2286, 937, 20220626, 3, 496.71),
(944, 6185, 3909, 20220912, 9, 401.76),
(945, 5681, 1591, 20221231, 6, 968.64),
(948, 6637, 7612, 20220610, 1, 73.78),
(958, 5192, 1549, 20220925, 10, 53.00),
(959, 3786, 173, 20220120, 1, 57.17),
(973, 752, 611, 20220928, 8, 745.04),
(978, 751, 9495, 20221024, 6, 616.86),
(981, 257, 8790, 20221115, 2, 167.28),
(985, 6852, 1213, 20220206, 6, 880.02),
(991, 1683, 3909, 20220323, 10, 446.40),
(998, 5067, 937, 20221109, 1, 165.57),
(1020, 3353, 8448, 20220921, 4, 182.12),
(1024, 9666, 9622, 20221007, 2, 153.08),
(1029, 3172, 5154, 20220626, 10, 1703.60),
(1039, 6922, 2971, 20220515, 8, 240.40),
(1066, 367, 937, 20220321, 2, 331.14),
(1070, 6615, 9790, 20221229, 4, 626.84),
(1076, 1594, 748, 20221209, 10, 1084.90),
(1087, 2006, 956, 20221114, 9, 1259.28),
(1093, 6376, 1810, 20220228, 3, 395.40),
(1112, 2790, 8288, 20220331, 8, 1499.36),
(1113, 8949, 9260, 20220927, 8, 1231.68),
(1128, 9658, 1591, 20221215, 8, 1291.52),
(1149, 4522, 7564, 20220802, 6, 1114.98),
(1152, 8780, 2799, 20220403, 10, 692.00),
(1189, 751, 7594, 20221124, 8, 977.68),
(1199, 4831, 2258, 20221223, 2, 90.96),
(1212, 3227, 7564, 20221112, 5, 929.15),
(1217, 751, 2400, 20220628, 6, 62.28),
(1218, 7326, 8951, 20220226, 3, 95.67),
(1221, 6852, 5698, 20221107, 5, 116.30),
(1230, 7125, 5154, 20220808, 4, 681.44),
(1243, 1615, 7594, 20220430, 4, 488.84),
(1247, 6376, 5154, 20220723, 7, 1192.52),
(1249, 3248, 8448, 20220929, 9, 409.77),
(1254, 6155, 8772, 20220301, 5, 227.20),
(1262, 8732, 5032, 20221012, 7, 714.42),
(1278, 9917, 9028, 20220902, 2, 82.46),
(1289, 2872, 1591, 20220629, 9, 1452.96),
(1296, 4169, 611, 20220816, 7, 651.91),
(1308, 257, 6843, 20220519, 7, 726.39),
(1335, 2346, 2949, 20220413, 10, 939.30),
(1357, 2286, 173, 20220116, 4, 228.68),
(1375, 8366, 1549, 20220330, 7, 37.10),
(1379, 152, 9957, 20220330, 7, 716.10),
(1381, 5270, 7612, 20220219, 8, 590.24),
(1389, 1036, 7612, 20221030, 4, 295.12),
(1399, 5791, 9957, 20220814, 2, 204.60),
(1407, 4800, 2971, 20220612, 7, 210.35),
(1418, 6637, 1810, 20221017, 10, 1318.00),
(1426, 8143, 9849, 20220814, 9, 1245.24),
(1433, 6852, 1810, 20220824, 1, 131.80),
(1438, 3621, 6843, 20220306, 8, 830.16),
(1455, 2301, 3909, 20220514, 5, 223.20),
(1466, 2006, 607, 20220628, 4, 568.00),
(1473, 2337, 5698, 20220108, 3, 69.78),
(1475, 842, 1591, 20220626, 6, 968.64),
(1478, 8240, 8288, 20220924, 8, 1499.36),
(1489, 3519, 7564, 20220314, 2, 371.66),
(1491, 9213, 2953, 20220310, 5, 816.30),
(1505, 8240, 8448, 20220825, 4, 182.12),
(1517, 7856, 173, 20220711, 2, 114.34),
(1532, 2006, 7906, 20220103, 1, 14.46),
(1536, 4194, 6843, 20221118, 5, 518.85),
(1544, 9007, 611, 20220812, 9, 838.17),
(1546, 5407, 5032, 20220412, 5, 510.30),
(1548, 8313, 8288, 20220629, 10, 1874.20),
(1590, 2629, 9849, 20220715, 10, 1383.60),
(1598, 9953, 5154, 20220203, 7, 1192.52),
(1599, 5791, 1248, 20220612, 2, 384.68),
(1605, 168, 3909, 20220203, 7, 312.48),
(1606, 7911, 1810, 20220602, 4, 527.20),
(1625, 2452, 9790, 20220221, 6, 940.26),
(1653, 3795, 4282, 20220314, 9, 1590.12),
(1659, 6289, 2258, 20220712, 10, 454.80),
(1661, 2006, 748, 20221223, 4, 433.96),
(1662, 1615, 5154, 20220321, 8, 1362.88),
(1663, 1036, 9332, 20221226, 4, 149.20),
(1668, 5830, 937, 20220408, 6, 993.42),
(1669, 5367, 7612, 20220617, 6, 442.68),
(1681, 6932, 9260, 20220405, 6, 923.76),
(1684, 7007, 9622, 20220923, 3, 229.62),
(1696, 3864, 9406, 20220420, 9, 728.73),
(1699, 2929, 3909, 20220714, 10, 446.40),
(1709, 9746, 1881, 20220226, 6, 1135.38),
(1739, 8612, 2971, 20220303, 3, 90.15),
(1750, 8747, 1248, 20220628, 4, 769.36),
(1768, 5940, 2799, 20220207, 5, 346.00),
(1785, 2629, 7564, 20221127, 9, 1672.47),
(1792, 8240, 8448, 20221103, 7, 318.71),
(1812, 8150, 9622, 20220414, 6, 459.24),
(1817, 3786, 956, 20220906, 3, 419.76),
(1824, 2872, 8772, 20220329, 8, 363.52),
(1834, 4831, 9260, 20220926, 9, 1385.64),
(1838, 7253, 9260, 20220208, 9, 1385.64),
(1861, 8647, 1248, 20220125, 10, 1923.40),
(1868, 7654, 3852, 20220620, 1, 86.37),
(1872, 7066, 2949, 20220718, 2, 187.86),
(1896, 9198, 611, 20221030, 5, 465.65),
(1922, 9007, 2953, 20220828, 7, 1142.82),
(1932, 8949, 937, 20220210, 5, 827.85),
(1934, 5940, 956, 20221123, 2, 279.84),
(1941, 8216, 5032, 20220128, 1, 102.06),
(1961, 8240, 7564, 20220416, 10, 1858.30),
(1967, 274, 1881, 20220803, 5, 946.15),
(1978, 3864, 5154, 20220622, 5, 851.80),
(1994, 3919, 3553, 20221219, 1, 179.20),
(2022, 5634, 3852, 20221113, 4, 345.48),
(2031, 8747, 8448, 20220218, 6, 273.18),
(2056, 3546, 9260, 20220501, 5, 769.80),
(2064, 3795, 9028, 20220522, 3, 123.69),
(2071, 7610, 3553, 20221222, 4, 716.80),
(2074, 6152, 607, 20220720, 6, 852.00),
(2075, 9746, 2971, 20221222, 1, 30.05),
(2077, 7444, 8730, 20221128, 10, 1555.10),
(2079, 7444, 7612, 20221007, 6, 442.68),
(2083, 7610, 7906, 20220831, 1, 14.46),
(2084, 6777, 8288, 20220304, 8, 1499.36),
(2121, 5067, 1213, 20220702, 7, 1026.69),
(2130, 6190, 7564, 20220515, 10, 1858.30),
(2131, 3132, 3553, 20221129, 3, 537.60),
(2139, 2629, 6822, 20220824, 1, 130.45),
(2143, 1829, 173, 20220517, 5, 285.85),
(2151, 4036, 1213, 20220729, 3, 440.01),
(2152, 6322, 9332, 20220628, 2, 74.60),
(2160, 7444, 8288, 20221026, 7, 1311.94),
(2167, 9198, 937, 20220312, 10, 1655.70),
(2178, 1829, 1591, 20220821, 7, 1130.08),
(2182, 3546, 2400, 20220211, 10, 103.80),
(2187, 8732, 748, 20220323, 8, 867.92),
(2223, 3592, 9260, 20220710, 6, 923.76),
(2230, 8910, 5698, 20221017, 7, 162.82),
(2235, 9666, 8420, 20221218, 7, 783.30),
(2247, 898, 956, 20221016, 1, 139.92),
(2255, 8366, 2258, 20220528, 2, 90.96),
(2265, 8601, 7612, 20220301, 2, 147.56),
(2275, 3132, 7612, 20220310, 6, 442.68),
(2276, 274, 748, 20220504, 8, 867.92),
(2281, 4004, 4282, 20220302, 3, 530.04),
(2282, 4717, 8772, 20220221, 1, 45.44),
(2284, 8836, 9622, 20220609, 6, 459.24),
(2289, 3132, 173, 20221020, 6, 343.02),
(2290, 2696, 9260, 20221215, 5, 769.80),
(2311, 8612, 3909, 20220331, 10, 446.40),
(2317, 5067, 173, 20220704, 7, 400.19),
(2321, 5192, 7594, 20221113, 10, 1222.10),
(2334, 4831, 9495, 20220824, 1, 102.81),
(2336, 6152, 2953, 20220709, 3, 489.78),
(2349, 8747, 9495, 20220424, 10, 1028.10),
(2352, 4681, 1591, 20220617, 8, 1291.52),
(2356, 3021, 8390, 20220912, 10, 616.60),
(2382, 3989, 2971, 20220725, 8, 240.40),
(2393, 5275, 1881, 20220225, 1, 189.23),
(2404, 7911, 9957, 20220716, 9, 920.70),
(2408, 6289, 4282, 20221026, 9, 1590.12),
(2423, 9213, 1810, 20220903, 3, 395.40),
(2453, 842, 5698, 20220303, 7, 162.82),
(2454, 3621, 1881, 20220212, 5, 946.15),
(2466, 8366, 4282, 20220217, 2, 353.36),
(2469, 3919, 2400, 20220806, 7, 72.66),
(2471, 3132, 8772, 20220401, 7, 318.08),
(2481, 9658, 8448, 20220624, 1, 45.53),
(2483, 752, 5154, 20220711, 9, 1533.24),
(2485, 6899, 8448, 20220618, 10, 455.30),
(2486, 9666, 8288, 20220411, 7, 1311.94),
(2497, 430, 3553, 20220516, 1, 179.20),
(2515, 9007, 484, 20221008, 10, 1269.70),
(2547, 7911, 611, 20220428, 1, 93.13),
(2555, 7744, 9622, 20220524, 4, 306.16),
(2556, 9867, 8420, 20220503, 8, 895.20),
(2567, 4558, 8951, 20221228, 10, 318.90),
(2598, 3227, 1881, 20220406, 10, 1892.30),
(2620, 2587, 937, 20221030, 1, 165.57),
(2622, 4036, 607, 20220327, 6, 852.00),
(2634, 8020, 1213, 20220706, 10, 1466.70),
(2641, 4558, 484, 20220207, 9, 1142.73),
(2647, 8143, 8790, 20221113, 3, 250.92),
(2655, 5275, 4282, 20220215, 8, 1413.44),
(2677, 3227, 2400, 20221111, 5, 51.90),
(2689, 1050, 9406, 20220605, 8, 647.76),
(2695, 3782, 956, 20221225, 9, 1259.28),
(2708, 6322, 8448, 20220914, 9, 409.77),
(2723, 4004, 5032, 20220405, 8, 816.48),
(2726, 8953, 607, 20220917, 3, 426.00),
(2730, 2882, 8730, 20220715, 8, 1244.08),
(2755, 8601, 8730, 20221129, 1, 155.51),
(2791, 100, 9406, 20220327, 8, 647.76),
(2802, 6932, 748, 20220729, 5, 542.45),
(2805, 4036, 2971, 20220913, 1, 30.05),
(2844, 168, 484, 20220927, 4, 507.88),
(2850, 7676, 7564, 20221119, 10, 1858.30),
(2854, 5217, 8288, 20220720, 1, 187.42),
(2865, 6108, 1881, 20220414, 1, 189.23),
(2868, 5830, 9957, 20221129, 2, 204.60),
(2880, 6899, 1549, 20220906, 4, 21.20),
(2883, 7007, 9622, 20221221, 6, 459.24),
(2892, 6089, 5032, 20221009, 9, 918.54),
(2910, 9746, 937, 20220523, 10, 1655.70),
(2923, 1421, 1810, 20220716, 10, 1318.00),
(2935, 751, 9495, 20220123, 10, 1028.10),
(2937, 8601, 1881, 20220704, 3, 567.69),
(2965, 2882, 9260, 20220215, 1, 153.96),
(2973, 6376, 5032, 20220218, 6, 612.36),
(2980, 2346, 2971, 20220228, 1, 30.05),
(2986, 1036, 6822, 20220322, 5, 652.25),
(2990, 7101, 2953, 20220605, 6, 979.56),
(3012, 5579, 1248, 20220918, 8, 1538.72),
(3022, 2006, 8448, 20221030, 7, 318.71),
(3026, 2882, 8102, 20220407, 5, 529.00),
(3031, 4169, 5154, 20220926, 9, 1533.24),
(3035, 5240, 4282, 20221225, 2, 353.36),
(3043, 9867, 1248, 20221002, 9, 1731.06),
(3058, 4831, 9957, 20220601, 4, 409.20),
(3059, 5367, 937, 20221028, 1, 165.57),
(3060, 9331, 9406, 20220415, 10, 809.70),
(3065, 8143, 956, 20220301, 4, 559.68),
(3076, 4169, 2971, 20221026, 7, 210.35),
(3077, 9953, 611, 20220419, 10, 931.30),
(3079, 1280, 1213, 20220907, 7, 1026.69),
(3084, 5407, 8102, 20220611, 5, 529.00),
(3088, 2006, 2953, 20220911, 4, 653.04),
(3098, 7676, 8390, 20220126, 9, 554.94),
(3101, 8612, 2953, 20220302, 9, 1469.34),
(3103, 3864, 9260, 20221002, 10, 1539.60),
(3110, 7101, 937, 20220428, 5, 827.85),
(3167, 8747, 484, 20220619, 2, 253.94),
(3169, 8313, 173, 20221014, 1, 57.17),
(3173, 4831, 9622, 20221212, 9, 688.86),
(3188, 8993, 5032, 20220202, 5, 510.30),
(3208, 100, 1881, 20220715, 10, 1892.30),
(3217, 168, 2799, 20220223, 9, 622.80),
(3224, 5830, 1248, 20220327, 2, 384.68),
(3234, 6289, 9332, 20221229, 9, 335.70),
(3245, 9658, 611, 20220519, 8, 745.04),
(3258, 3172, 7612, 20221204, 1, 73.78),
(3261, 257, 8448, 20220324, 7, 318.71),
(3263, 1683, 8102, 20220414, 10, 1058.00),
(3267, 1280, 8951, 20220717, 7, 223.23),
(3273, 2346, 2400, 20220628, 7, 72.66),
(3298, 6190, 5032, 20220127, 2, 204.12),
(3303, 4772, 956, 20221208, 7, 979.44),
(3314, 5376, 8730, 20220627, 9, 1399.59),
(3316, 5407, 1248, 20220608, 7, 1346.38),
(3323, 9532, 8390, 20220820, 4, 246.64),
(3324, 9917, 956, 20220304, 1, 139.92),
(3347, 6922, 8390, 20220302, 5, 308.30),
(3352, 4831, 1248, 20220101, 2, 384.68),
(3354, 3919, 956, 20220523, 7, 979.44),
(3367, 337, 6843, 20220629, 1, 103.77),
(3377, 7174, 8730, 20220413, 8, 1244.08),
(3378, 6089, 9332, 20220306, 8, 298.40),
(3396, 7568, 7906, 20220221, 4, 57.84),
(3402, 7101, 9957, 20220313, 1, 102.30),
(3404, 6777, 8288, 20221116, 4, 749.68),
(3414, 3429, 607, 20220423, 4, 568.00),
(3420, 4169, 8448, 20221118, 10, 455.30),
(3424, 6108, 607, 20220721, 9, 1278.00),
(3430, 7354, 173, 20220513, 5, 285.85),
(3435, 4831, 1213, 20220912, 3, 440.01),
(3439, 4800, 3909, 20221024, 9, 401.76),
(3456, 6152, 2258, 20221004, 10, 454.80),
(3477, 9935, 484, 20220405, 8, 1015.76),
(3484, 8216, 2953, 20220224, 3, 489.78),
(3486, 1841, 1248, 20220122, 2, 384.68),
(3489, 3546, 8288, 20220213, 5, 937.10),
(3508, 367, 8390, 20220526, 3, 184.98),
(3517, 1036, 1591, 20220301, 4, 645.76),
(3530, 5791, 1591, 20221027, 2, 322.88),
(3538, 3021, 173, 20221201, 8, 457.36),
(3547, 5156, 2949, 20220823, 5, 469.65),
(3559, 6777, 9790, 20220529, 1, 156.71),
(3567, 3795, 7906, 20220904, 7, 101.22),
(3570, 4558, 3909, 20220922, 10, 446.40),
(3576, 9353, 1591, 20220723, 4, 645.76),
(3578, 8180, 8390, 20220904, 1, 61.66),
(3586, 2286, 7906, 20220205, 1, 14.46),
(3620, 4004, 8288, 20220718, 10, 1874.20),
(3632, 3227, 611, 20220213, 4, 372.52),
(3655, 5213, 8951, 20220712, 5, 159.45),
(3658, 8910, 1881, 20221116, 7, 1324.61),
(3670, 6777, 9957, 20220323, 7, 716.10),
(3683, 100, 607, 20221125, 2, 284.00),
(3700, 3546, 6843, 20220521, 8, 830.16),
(3705, 9746, 3852, 20220423, 3, 259.11),
(3715, 5887, 6822, 20221223, 8, 1043.60),
(3716, 4132, 173, 20220529, 8, 457.36),
(3726, 2790, 956, 20220510, 4, 559.68),
(3735, 9198, 8420, 20220419, 6, 671.40),
(3747, 5192, 4282, 20220907, 2, 353.36),
(3750, 4681, 9028, 20220615, 1, 41.23),
(3753, 7744, 956, 20220913, 10, 1399.20),
(3762, 2346, 9260, 20221019, 1, 153.96),
(3775, 9746, 1213, 20220326, 1, 146.67),
(3776, 6289, 9260, 20220430, 2, 307.92),
(3789, 3657, 2258, 20221206, 1, 45.48),
(3806, 4503, 1591, 20220916, 8, 1291.52),
(3829, 9163, 5698, 20221008, 8, 186.08),
(3854, 9746, 8448, 20220622, 3, 136.59),
(3857, 8138, 4282, 20221014, 4, 706.72),
(3863, 8949, 937, 20221126, 10, 1655.70),
(3865, 9532, 3852, 20220823, 5, 431.85),
(3868, 7340, 5698, 20220315, 4, 93.04),
(3872, 8313, 8772, 20220215, 6, 272.64),
(3874, 9198, 8102, 20220919, 4, 423.20),
(3889, 8143, 9028, 20220605, 3, 123.69),
(3900, 6320, 9495, 20221012, 7, 719.67),
(3918, 2346, 7612, 20221109, 3, 221.34),
(3929, 4132, 7612, 20220718, 10, 737.80),
(3931, 3353, 3852, 20220330, 9, 777.33),
(3932, 1554, 9957, 20220419, 1, 102.30),
(3938, 2346, 7564, 20220417, 7, 1300.81),
(3953, 6899, 3852, 20220325, 8, 690.96),
(3959, 152, 2949, 20220728, 5, 469.65),
(3965, 6615, 9622, 20221008, 2, 153.08),
(3972, 3360, 4282, 20220301, 5, 883.40),
(3973, 911, 607, 20221119, 10, 1420.00),
(3992, 9858, 3553, 20220214, 3, 537.60),
(3996, 3172, 9849, 20220413, 4, 553.44),
(3997, 4717, 1248, 20221226, 7, 1346.38),
(3999, 8647, 3852, 20220615, 5, 431.85),
(4000, 367, 2799, 20221106, 2, 138.40),
(4008, 9933, 2400, 20220604, 9, 93.42),
(4043, 6190, 748, 20221007, 6, 650.94),
(4052, 3465, 173, 20221114, 10, 571.70),
(4061, 5681, 937, 20220226, 6, 993.42),
(4062, 3021, 6822, 20220622, 7, 913.15),
(4089, 5367, 9790, 20220705, 4, 626.84),
(4092, 4004, 1810, 20220430, 9, 1186.20),
(4100, 5367, 6843, 20221022, 7, 726.39),
(4103, 8747, 8102, 20220919, 7, 740.60),
(4109, 2882, 8448, 20220927, 1, 45.53),
(4117, 7856, 9260, 20220319, 1, 153.96),
(4124, 3610, 173, 20221108, 6, 343.02),
(4142, 8910, 8102, 20221208, 2, 211.60),
(4153, 6888, 2953, 20220111, 5, 816.30),
(4157, 5681, 9790, 20220331, 10, 1567.10),
(4160, 2929, 6843, 20220113, 1, 103.77),
(4165, 7856, 2400, 20221117, 3, 31.14),
(4170, 3353, 7612, 20220326, 10, 737.80),
(4172, 8020, 5032, 20220211, 9, 918.54),
(4181, 2337, 2971, 20220511, 1, 30.05),
(4198, 4132, 611, 20221010, 7, 651.91),
(4200, 5217, 8730, 20221027, 3, 466.53),
(4201, 7125, 9028, 20220726, 2, 82.46),
(4207, 5376, 8951, 20220508, 2, 63.78),
(4216, 7727, 1213, 20221203, 10, 1466.70),
(4246, 7744, 2400, 20220730, 10, 103.80),
(4263, 3132, 1248, 20220114, 9, 1731.06),
(4273, 4132, 956, 20220402, 1, 139.92),
(4276, 8060, 1881, 20220922, 10, 1892.30),
(4291, 3610, 1810, 20220106, 10, 1318.00),
(4312, 3360, 1248, 20220225, 7, 1346.38),
(4325, 1280, 2799, 20220325, 3, 207.60),
(4333, 9353, 4282, 20220414, 7, 1236.76),
(4342, 842, 9957, 20220103, 5, 511.50),
(4346, 8081, 8420, 20220901, 7, 783.30),
(4347, 4710, 6843, 20220301, 10, 1037.70),
(4355, 9532, 8420, 20220901, 2, 223.80),
(4357, 1050, 3909, 20220318, 3, 133.92),
(4358, 9331, 9260, 20220818, 7, 1077.72),
(4360, 5940, 1248, 20220914, 2, 384.68),
(4363, 2391, 7612, 20220110, 5, 368.90),
(4366, 8950, 9260, 20220804, 2, 307.92),
(4371, 7856, 9495, 20220216, 8, 822.48),
(4373, 5940, 8951, 20220625, 5, 159.45),
(4384, 2872, 8951, 20220609, 5, 159.45),
(4393, 7676, 4282, 20220918, 5, 883.40),
(4402, 7074, 2400, 20220728, 5, 51.90),
(4419, 8313, 6843, 20220706, 8, 830.16),
(4426, 7654, 8390, 20221205, 5, 308.30),
(4438, 9933, 4282, 20220910, 1, 176.68),
(4461, 9835, 8951, 20220827, 5, 159.45),
(4466, 8081, 2799, 20220306, 6, 415.20),
(4482, 2286, 4282, 20220415, 2, 353.36),
(4505, 8240, 3852, 20220222, 9, 777.33),
(4538, 9666, 2971, 20220610, 4, 120.20),
(4549, 3519, 9028, 20220120, 4, 164.92),
(4582, 7911, 9495, 20221129, 5, 514.05),
(4596, 3672, 1810, 20220812, 10, 1318.00),
(4616, 8836, 1248, 20220319, 4, 769.36),
(4644, 7856, 8951, 20220516, 3, 95.67),
(4655, 1468, 5032, 20221122, 8, 816.48),
(4657, 5213, 9622, 20221223, 2, 153.08),
(4673, 7444, 9495, 20220425, 1, 102.81),
(4689, 5887, 2799, 20220502, 3, 207.60),
(4696, 7696, 6843, 20220211, 1, 103.77),
(4697, 5519, 1810, 20220415, 9, 1186.20),
(4701, 6185, 7612, 20221030, 10, 737.80),
(4718, 3353, 8951, 20221011, 5, 159.45),
(4719, 1050, 8102, 20220920, 9, 952.20),
(4722, 4558, 7906, 20220323, 1, 14.46),
(4739, 5895, 956, 20221219, 10, 1399.20),
(4749, 7911, 2258, 20221201, 9, 409.32),
(4752, 4152, 2258, 20221121, 5, 227.40),
(4753, 5895, 1881, 20221111, 5, 946.15),
(4766, 8899, 6843, 20220227, 1, 103.77),
(4774, 8732, 2400, 20221014, 5, 51.90),
(4777, 1615, 8951, 20221109, 7, 223.23),
(4787, 8366, 9495, 20220908, 1, 102.81),
(4829, 6108, 2949, 20221003, 8, 751.44),
(4836, 3248, 2949, 20220220, 6, 563.58),
(4840, 752, 1810, 20220505, 6, 790.80),
(4843, 4036, 8951, 20220602, 3, 95.67),
(4869, 7340, 6822, 20221203, 6, 782.70),
(4871, 5940, 9957, 20220408, 6, 613.80),
(4874, 4152, 9790, 20220417, 8, 1253.68),
(4889, 5681, 3909, 20220325, 4, 178.56),
(4899, 6155, 8448, 20220301, 7, 318.71),
(4905, 9835, 5698, 20220304, 10, 232.60),
(4917, 4831, 9622, 20220219, 5, 382.70),
(4921, 3360, 3909, 20220826, 7, 312.48),
(4944, 3989, 8951, 20221123, 7, 223.23),
(4946, 257, 1591, 20220715, 7, 1130.08),
(4960, 9746, 2949, 20220415, 4, 375.72),
(4968, 4831, 1549, 20220723, 5, 26.50),
(4971, 6333, 1549, 20220602, 9, 47.70),
(4972, 9331, 5032, 20220207, 4, 408.24),
(4983, 4800, 607, 20220903, 7, 994.00),
(4998, 9559, 8288, 20220204, 7, 1311.94),
(5007, 9835, 2949, 20220129, 5, 469.65),
(5008, 6922, 2949, 20220309, 6, 563.58),
(5011, 257, 7906, 20221015, 5, 72.30),
(5014, 730, 1881, 20220606, 5, 946.15),
(5028, 2587, 7564, 20220908, 5, 929.15),
(5046, 4681, 9790, 20220427, 5, 783.55),
(5052, 5217, 1591, 20220131, 3, 484.32),
(5057, 4558, 7612, 20220503, 8, 590.24),
(5065, 3353, 9622, 20220319, 6, 459.24),
(5082, 6185, 9406, 20221221, 1, 80.97),
(5083, 8953, 8288, 20220402, 9, 1686.78),
(5093, 5156, 7564, 20220903, 6, 1114.98),
(5118, 6637, 5032, 20220312, 1, 102.06),
(5144, 898, 2400, 20220903, 1, 10.38),
(5176, 7007, 4282, 20221229, 4, 706.72),
(5191, 8647, 6843, 20220322, 3, 311.31),
(5196, 8732, 7906, 20221123, 9, 130.14),
(5220, 898, 9332, 20220411, 1, 37.30),
(5228, 3519, 956, 20220912, 1, 139.92),
(5234, 4710, 1248, 20220328, 5, 961.70),
(5235, 6852, 1591, 20220207, 5, 807.20),
(5236, 5940, 7594, 20220724, 1, 122.21),
(5242, 7946, 5698, 20221017, 4, 93.04),
(5246, 3172, 1549, 20220214, 5, 26.50),
(5256, 3519, 937, 20220912, 6, 993.42),
(5271, 9331, 1881, 20220921, 8, 1513.84),
(5273, 7676, 9622, 20220901, 1, 76.54),
(5297, 3172, 8420, 20220513, 6, 671.40),
(5298, 5270, 8772, 20220425, 7, 318.08),
(5302, 3172, 9495, 20220802, 7, 719.67),
(5372, 4995, 4282, 20220422, 5, 883.40),
(5381, 2629, 748, 20220801, 8, 867.92),
(5387, 2346, 1213, 20220920, 2, 293.34),
(5393, 6615, 748, 20220901, 5, 542.45),
(5397, 3429, 7594, 20220601, 10, 1222.10),
(5403, 6615, 1881, 20220825, 4, 756.92),
(5406, 8953, 2949, 20220524, 6, 563.58),
(5415, 6190, 9790, 20221216, 10, 1567.10),
(5421, 2391, 8448, 20220412, 1, 45.53),
(5451, 1594, 2400, 20220209, 8, 83.04),
(5471, 5519, 8420, 20220403, 7, 783.30),
(5476, 7911, 1591, 20220112, 3, 484.32),
(5479, 6026, 7906, 20220308, 4, 57.84),
(5481, 9746, 3852, 20220610, 4, 345.48),
(5482, 2882, 2258, 20220423, 6, 272.88),
(5484, 7335, 173, 20220520, 8, 457.36),
(5507, 7676, 9957, 20221228, 4, 409.20),
(5549, 751, 484, 20220904, 8, 1015.76),
(5550, 3610, 8288, 20221029, 2, 374.84),
(5556, 8216, 8448, 20220704, 6, 273.18),
(5564, 8240, 2953, 20220501, 4, 653.04),
(5577, 3657, 7564, 20220929, 1, 185.83),
(5587, 898, 9260, 20220525, 10, 1539.60),
(5609, 3610, 8730, 20220809, 9, 1399.59),
(5638, 7744, 5698, 20220118, 5, 116.30),
(5661, 751, 7594, 20221021, 10, 1222.10),
(5667, 7354, 9260, 20220221, 8, 1231.68),
(5672, 8203, 1549, 20220218, 6, 31.80),
(5679, 4772, 956, 20220607, 5, 699.60),
(5690, 3360, 7594, 20220421, 5, 611.05),
(5695, 8240, 2258, 20221215, 8, 363.84),
(5709, 4169, 9849, 20220723, 10, 1383.60),
(5710, 730, 1549, 20220730, 1, 5.30),
(5727, 7066, 9495, 20220505, 7, 719.67),
(5728, 7744, 748, 20221031, 8, 867.92),
(5740, 2790, 1549, 20221130, 6, 31.80),
(5750, 8060, 8448, 20220626, 1, 45.53),
(5760, 6026, 3852, 20220224, 7, 604.59),
(5763, 7253, 937, 20220810, 5, 827.85),
(5770, 257, 2400, 20220116, 4, 41.52),
(5771, 4503, 9790, 20220624, 9, 1410.39),
(5772, 8023, 9260, 20220209, 4, 615.84),
(5775, 5270, 9332, 20221006, 2, 74.60),
(5776, 2286, 9849, 20220927, 1, 138.36),
(5783, 3227, 1810, 20220503, 4, 527.20),
(5785, 5270, 6843, 20221003, 5, 518.85),
(5792, 9835, 8448, 20221212, 3, 136.59),
(5795, 257, 9849, 20220717, 9, 1245.24),
(5799, 9666, 5698, 20221119, 1, 23.26),
(5800, 1749, 4282, 20220121, 2, 353.36),
(5803, 8949, 6843, 20221221, 8, 830.16),
(5829, 5192, 8390, 20220222, 1, 61.66),
(5836, 1280, 8730, 20220314, 1, 155.51),
(5849, 8216, 5698, 20221007, 10, 232.60),
(5850, 152, 9622, 20220329, 1, 76.54),
(5856, 3429, 1810, 20220309, 5, 659.00),
(5859, 3546, 5032, 20220219, 3, 306.18),
(5865, 7174, 2953, 20220821, 6, 979.56),
(5866, 6333, 3553, 20220128, 3, 537.60),
(5870, 3360, 9260, 20220126, 10, 1539.60),
(5871, 5407, 2953, 20220401, 5, 816.30),
(5886, 430, 9622, 20220430, 9, 688.86),
(5888, 367, 9957, 20220418, 7, 716.10),
(5900, 7727, 7594, 20220225, 3, 366.63),
(5913, 4169, 8730, 20221123, 1, 155.51),
(5926, 4036, 3852, 20221221, 5, 431.85),
(5927, 9953, 8102, 20220408, 1, 105.80),
(5932, 4194, 1213, 20220420, 8, 1173.36),
(5938, 9666, 937, 20220730, 10, 1655.70),
(5939, 4096, 5698, 20221029, 1, 23.26),
(5948, 3278, 1549, 20220611, 5, 26.50),
(5973, 8910, 8420, 20221010, 6, 671.40),
(5977, 7354, 8420, 20220516, 5, 559.50),
(5981, 8612, 5698, 20220226, 2, 46.52),
(5994, 8020, 8730, 20221215, 5, 777.55),
(6001, 8747, 8102, 20220126, 3, 317.40),
(6008, 7174, 2949, 20220307, 7, 657.51),
(6017, 3657, 6843, 20220821, 8, 830.16),
(6033, 8899, 173, 20221014, 2, 114.34),
(6034, 3989, 1881, 20220205, 6, 1135.38),
(6035, 4004, 9849, 20220408, 7, 968.52),
(6037, 1554, 6822, 20220425, 10, 1304.50),
(6046, 8371, 9790, 20220301, 6, 940.26),
(6086, 7335, 3553, 20221202, 2, 358.40),
(6104, 5634, 7906, 20220117, 4, 57.84),
(6127, 4800, 2953, 20220115, 8, 1306.08),
(6130, 6320, 7594, 20220707, 7, 855.47),
(6141, 5621, 611, 20220405, 7, 651.91),
(6149, 3782, 484, 20220412, 10, 1269.70),
(6153, 9163, 2799, 20220517, 2, 138.40),
(6164, 1554, 8790, 20220824, 4, 334.56),
(6195, 8873, 7594, 20221010, 3, 366.63),
(6202, 7744, 2953, 20221110, 6, 979.56),
(6228, 3795, 8730, 20220928, 8, 1244.08),
(6231, 5887, 611, 20220607, 6, 558.78),
(6255, 2587, 8288, 20220203, 6, 1124.52),
(6256, 5217, 8420, 20220913, 3, 335.70),
(6262, 3782, 1591, 20221111, 4, 645.76),
(6263, 2696, 173, 20221216, 8, 457.36),
(6267, 6376, 9622, 20220203, 1, 76.54),
(6278, 1280, 5154, 20221002, 1, 170.36),
(6296, 9213, 8390, 20220726, 4, 246.64),
(6323, 8366, 8951, 20221014, 2, 63.78),
(6327, 6190, 9406, 20220704, 3, 242.91),
(6329, 2882, 9495, 20220418, 7, 719.67),
(6340, 1280, 173, 20220703, 4, 228.68),
(6349, 8950, 5154, 20220609, 2, 340.72),
(6354, 9666, 6843, 20221104, 8, 830.16),
(6382, 5519, 2953, 20220507, 8, 1306.08),
(6393, 7509, 2971, 20220922, 4, 120.20),
(6395, 3592, 9849, 20220324, 5, 691.80),
(6430, 7767, 4282, 20220414, 2, 353.36),
(6439, 7610, 484, 20220114, 1, 126.97),
(6441, 3227, 9957, 20221206, 5, 511.50),
(6442, 9835, 484, 20220310, 4, 507.88),
(6453, 724, 1549, 20221107, 7, 37.10),
(6454, 6320, 8420, 20220902, 4, 447.60),
(6458, 367, 4282, 20220912, 5, 883.40),
(6468, 6615, 1591, 20220817, 10, 1614.40),
(6484, 730, 9849, 20220118, 10, 1383.60),
(6487, 7856, 9495, 20220411, 10, 1028.10),
(6493, 1050, 9790, 20220806, 8, 1253.68),
(6504, 5887, 5698, 20220905, 1, 23.26),
(6526, 4800, 9332, 20220405, 3, 111.90),
(6531, 6155, 9622, 20220905, 1, 76.54),
(6540, 2587, 3553, 20221214, 2, 358.40),
(6547, 1594, 8390, 20220322, 3, 184.98),
(6551, 911, 5032, 20220902, 1, 102.06),
(6558, 6155, 9495, 20220927, 5, 514.05),
(6578, 752, 9790, 20220801, 9, 1410.39),
(6595, 730, 9260, 20220920, 3, 461.88),
(6597, 5270, 5032, 20221229, 7, 714.42),
(6608, 9917, 9790, 20221027, 3, 470.13),
(6610, 1683, 8951, 20221115, 6, 191.34),
(6617, 4681, 8730, 20221023, 3, 466.53),
(6625, 8780, 2949, 20221023, 4, 375.72),
(6633, 9601, 7564, 20220305, 1, 185.83),
(6641, 7610, 937, 20220225, 5, 827.85),
(6643, 2452, 611, 20221025, 1, 93.13),
(6644, 8371, 8390, 20220915, 9, 554.94),
(6653, 6459, 9790, 20221005, 2, 313.42),
(6704, 3786, 6822, 20220106, 5, 652.25),
(6708, 8020, 8772, 20220404, 10, 454.40),
(6746, 6922, 1248, 20221212, 8, 1538.72),
(6751, 4522, 173, 20220120, 10, 571.70),
(6770, 7354, 6843, 20220807, 5, 518.85),
(6817, 5270, 7612, 20221120, 6, 442.68),
(6824, 8216, 607, 20220611, 4, 568.00),
(6827, 724, 611, 20221111, 8, 745.04),
(6835, 2882, 607, 20220411, 7, 994.00),
(6842, 1615, 937, 20220506, 1, 165.57),
(6845, 8180, 8790, 20221116, 4, 334.56),
(6858, 3672, 9260, 20220810, 2, 307.92),
(6859, 8950, 937, 20221029, 8, 1324.56),
(6867, 3132, 9790, 20220120, 1, 156.71),
(6887, 7727, 607, 20220707, 5, 710.00),
(6889, 7101, 5698, 20220401, 7, 162.82),
(6890, 9917, 484, 20220226, 1, 126.97),
(6914, 6155, 9028, 20221107, 9, 371.07),
(6926, 8180, 7612, 20221017, 10, 737.80),
(6929, 5681, 1248, 20220211, 2, 384.68),
(6948, 6333, 8288, 20220919, 7, 1311.94),
(6956, 3465, 1591, 20220110, 5, 807.20),
(6957, 2629, 2258, 20220211, 1, 45.48),
(6972, 9858, 2799, 20221121, 9, 622.80),
(6974, 9559, 5154, 20220118, 8, 1362.88),
(6984, 2872, 8420, 20221025, 5, 559.50),
(7012, 1615, 8448, 20221110, 6, 273.18),
(7013, 8747, 8772, 20221226, 10, 454.40),
(7018, 2872, 3553, 20220926, 5, 896.00),
(7039, 9835, 1810, 20220129, 5, 659.00),
(7043, 6190, 8390, 20220402, 9, 554.94),
(7045, 7654, 7594, 20220509, 5, 611.05),
(7053, 8873, 3909, 20220813, 4, 178.56),
(7055, 8747, 748, 20220520, 1, 108.49),
(7067, 4522, 8790, 20220314, 1, 83.64),
(7073, 2882, 8448, 20220930, 10, 455.30),
(7112, 6152, 484, 20220122, 9, 1142.73),
(7117, 9163, 7612, 20221028, 3, 221.34),
(7128, 5367, 5154, 20220121, 3, 511.08),
(7137, 5940, 2799, 20221204, 6, 415.20),
(7144, 6155, 607, 20220810, 6, 852.00),
(7145, 3610, 6843, 20220709, 1, 103.77),
(7155, 367, 8951, 20220726, 2, 63.78),
(7158, 7101, 2258, 20220404, 5, 227.40),
(7162, 430, 607, 20220207, 5, 710.00),
(7169, 8371, 2949, 20220608, 9, 845.37),
(7175, 3278, 7612, 20220527, 1, 73.78),
(7185, 4194, 2400, 20220125, 7, 72.66),
(7212, 3919, 9260, 20220529, 1, 153.96),
(7215, 3465, 2949, 20220922, 3, 281.79),
(7216, 6376, 7906, 20220120, 10, 144.60),
(7225, 9163, 7564, 20220221, 5, 929.15),
(7230, 9917, 9406, 20220429, 3, 242.91),
(7233, 7444, 8951, 20220424, 9, 287.01),
(7299, 3465, 9790, 20220726, 9, 1410.39),
(7302, 5240, 173, 20220804, 5, 285.85),
(7309, 6922, 2971, 20220113, 5, 150.25),
(7323, 9163, 1810, 20221121, 3, 395.40),
(7337, 3592, 8448, 20220717, 7, 318.71),
(7344, 5156, 9957, 20220611, 1, 102.30),
(7386, 9601, 8390, 20221031, 10, 616.60),
(7412, 3172, 8790, 20221116, 2, 167.28),
(7415, 6932, 7906, 20220327, 9, 130.14),
(7422, 337, 1213, 20221011, 3, 440.01),
(7428, 3132, 937, 20220124, 6, 993.42),
(7433, 5887, 9622, 20220426, 4, 306.16),
(7437, 8873, 8790, 20221121, 8, 669.12),
(7441, 5519, 1549, 20220115, 9, 47.70),
(7445, 6026, 1213, 20220813, 4, 586.68),
(7455, 9917, 3852, 20220320, 7, 604.59),
(7459, 5367, 8730, 20220127, 10, 1555.10),
(7462, 3429, 9849, 20221107, 5, 691.80),
(7465, 3795, 5154, 20220509, 8, 1362.88),
(7467, 8240, 8772, 20220729, 7, 318.08),
(7468, 6777, 2258, 20220502, 6, 272.88),
(7478, 911, 8730, 20221120, 10, 1555.10),
(7481, 5213, 7612, 20220101, 6, 442.68),
(7483, 911, 7612, 20220902, 10, 737.80),
(7490, 9858, 2971, 20220530, 8, 240.40),
(7511, 3546, 8448, 20221116, 7, 318.71),
(7512, 3864, 3852, 20221113, 7, 604.59),
(7519, 6026, 2949, 20220814, 8, 751.44),
(7551, 8780, 7594, 20221118, 1, 122.21),
(7557, 3248, 1549, 20221209, 8, 42.40),
(7561, 9858, 9260, 20220129, 10, 1539.60),
(7579, 7767, 484, 20220125, 5, 634.85),
(7590, 4522, 6843, 20221203, 5, 518.85),
(7621, 9559, 8420, 20220105, 4, 447.60),
(7624, 751, 748, 20220129, 6, 650.94),
(7625, 8953, 8390, 20220601, 1, 61.66),
(7644, 911, 1591, 20220412, 3, 484.32),
(7668, 8926, 8390, 20220716, 6, 369.96),
(7686, 5895, 9622, 20220819, 8, 612.32),
(7688, 5681, 2949, 20221015, 2, 187.86),
(7713, 2872, 9790, 20220916, 5, 783.55),
(7729, 3795, 9406, 20220913, 9, 728.73),
(7731, 5681, 9406, 20220219, 8, 647.76),
(7734, 2882, 9028, 20221021, 4, 164.92),
(7756, 8601, 1248, 20221026, 5, 961.70),
(7761, 5192, 9622, 20220128, 6, 459.24),
(7768, 6376, 8420, 20220114, 2, 223.80),
(7779, 3989, 8951, 20220202, 2, 63.78),
(7788, 5376, 3909, 20221215, 6, 267.84),
(7802, 8313, 1810, 20220214, 5, 659.00),
(7806, 5895, 8420, 20220227, 1, 111.90),
(7817, 9331, 3909, 20221206, 10, 446.40),
(7820, 7911, 9332, 20221214, 5, 186.50),
(7828, 2391, 2949, 20220529, 9, 845.37),
(7849, 4004, 2400, 20221204, 6, 62.28),
(7853, 8081, 3909, 20221214, 5, 223.20),
(7883, 3465, 8790, 20220214, 9, 752.76),
(7889, 1841, 9406, 20220911, 4, 323.88),
(7909, 751, 8772, 20220708, 10, 454.40),
(7910, 9658, 1591, 20221031, 9, 1452.96),
(7922, 7654, 2949, 20221210, 6, 563.58),
(7926, 6089, 1881, 20220403, 4, 756.92),
(7935, 8203, 8448, 20220620, 6, 273.18),
(7936, 1468, 1213, 20221216, 6, 880.02),
(7938, 1050, 8448, 20220701, 3, 136.59),
(7944, 6029, 7906, 20221010, 4, 57.84),
(7956, 9933, 9622, 20221123, 1, 76.54),
(7974, 5791, 9406, 20220926, 2, 161.94),
(7975, 8216, 9332, 20221023, 9, 335.70),
(7982, 3919, 2400, 20220405, 1, 10.38),
(7986, 152, 2799, 20220423, 7, 484.40),
(7987, 5681, 2949, 20220422, 7, 657.51),
(8011, 6932, 956, 20220207, 6, 839.52),
(8021, 2790, 1549, 20220606, 3, 15.90),
(8031, 6322, 3852, 20220211, 2, 172.74),
(8043, 1421, 8448, 20221203, 6, 273.18),
(8045, 3592, 8730, 20221016, 1, 155.51),
(8046, 3132, 8448, 20220728, 8, 364.24),
(8071, 8647, 8790, 20221118, 10, 836.40),
(8073, 9867, 2971, 20220213, 4, 120.20),
(8082, 6888, 7612, 20220201, 1, 73.78),
(8083, 8732, 9790, 20221001, 8, 1253.68),
(8085, 7101, 937, 20220128, 4, 662.28),
(8088, 3621, 7594, 20220320, 5, 611.05),
(8095, 7696, 2949, 20220427, 9, 845.37),
(8096, 7101, 1881, 20220714, 4, 756.92),
(8097, 5830, 6822, 20221024, 4, 521.80),
(8099, 3592, 1549, 20220519, 7, 37.10),
(8109, 6029, 1591, 20220826, 4, 645.76),
(8125, 4558, 7612, 20220904, 7, 516.46),
(8128, 5940, 5154, 20220628, 7, 1192.52),
(8131, 6089, 3852, 20220715, 7, 604.59),
(8165, 842, 3553, 20220515, 8, 1433.60),
(8195, 7066, 5154, 20220327, 5, 851.80),
(8206, 5887, 8420, 20220921, 7, 783.30),
(8211, 3132, 484, 20220128, 8, 1015.76),
(8224, 7074, 7594, 20221227, 8, 977.68),
(8242, 8150, 1213, 20220818, 10, 1466.70),
(8243, 9198, 8790, 20220128, 8, 669.12),
(8247, 8910, 1881, 20220605, 4, 756.92),
(8267, 2006, 6822, 20220408, 7, 913.15),
(8269, 4132, 1591, 20220618, 4, 645.76),
(8270, 3657, 956, 20220702, 9, 1259.28),
(8271, 9953, 9622, 20220326, 4, 306.16),
(8273, 9658, 3852, 20221007, 9, 777.33),
(8278, 3657, 1591, 20220130, 1, 161.44),
(8285, 3786, 8390, 20220516, 5, 308.30),
(8306, 8216, 937, 20220729, 9, 1490.13),
(8310, 9213, 937, 20220912, 1, 165.57),
(8319, 8180, 8772, 20220717, 10, 454.40),
(8337, 6333, 8951, 20220321, 10, 318.90),
(8338, 1329, 9622, 20220710, 3, 229.62),
(8348, 2391, 2971, 20220119, 10, 300.50),
(8360, 7007, 1549, 20220714, 9, 47.70),
(8372, 7335, 8772, 20220211, 10, 454.40),
(8378, 2587, 748, 20220401, 7, 759.43),
(8379, 7335, 7906, 20220906, 8, 115.68),
(8391, 9559, 9260, 20220607, 9, 1385.64),
(8421, 8143, 6822, 20220926, 1, 130.45),
(8423, 5156, 8951, 20220705, 10, 318.90),
(8431, 3672, 7612, 20221206, 4, 295.12),
(8432, 3989, 3909, 20220623, 7, 312.48),
(8434, 3786, 8420, 20220810, 8, 895.20),
(8439, 5192, 2799, 20220725, 6, 415.20),
(8453, 5634, 6843, 20220214, 4, 415.08),
(8462, 9867, 1881, 20221105, 4, 756.92),
(8471, 2301, 6822, 20220922, 6, 782.70),
(8472, 8216, 9622, 20220511, 4, 306.16),
(8474, 4152, 8448, 20220830, 9, 409.77),
(8481, 9953, 8102, 20221221, 6, 634.80),
(8498, 4831, 9957, 20221018, 6, 613.80),
(8512, 1749, 1549, 20220420, 6, 31.80),
(8533, 7839, 748, 20220211, 10, 1084.90),
(8553, 6185, 484, 20220122, 7, 888.79),
(8555, 3227, 9849, 20220723, 4, 553.44),
(8573, 7174, 5698, 20220404, 3, 69.78),
(8582, 6185, 8390, 20220205, 7, 431.62),
(8595, 3172, 9622, 20221221, 3, 229.62),
(8598, 4522, 2949, 20221014, 6, 563.58),
(8615, 6155, 6822, 20220323, 10, 1304.50),
(8619, 2286, 937, 20221007, 5, 827.85),
(8632, 9163, 9622, 20220912, 1, 76.54),
(8635, 6026, 3909, 20220501, 7, 312.48),
(8641, 3248, 9957, 20220518, 10, 1023.00),
(8648, 5579, 1213, 20220903, 4, 586.68),
(8649, 7856, 937, 20220911, 1, 165.57),
(8654, 2696, 484, 20220717, 2, 253.94),
(8663, 8216, 9495, 20220501, 8, 822.48),
(8677, 7744, 8102, 20220214, 6, 634.80),
(8699, 2929, 7612, 20220623, 8, 590.24),
(8704, 9353, 5154, 20220715, 3, 511.08),
(8719, 6026, 1591, 20220601, 1, 161.44),
(8740, 8150, 1810, 20221109, 8, 1054.40),
(8750, 1615, 8288, 20221128, 6, 1124.52),
(8765, 8873, 9332, 20220714, 4, 149.20),
(8783, 4800, 173, 20220311, 5, 285.85),
(8787, 3132, 8420, 20220409, 6, 671.40),
(8797, 3592, 9957, 20220324, 7, 716.10),
(8801, 5895, 7906, 20220127, 1, 14.46),
(8816, 4681, 9028, 20220108, 5, 206.15),
(8817, 5407, 5154, 20220217, 3, 511.08),
(8821, 4194, 2400, 20221024, 5, 51.90),
(8828, 7839, 4282, 20220225, 3, 530.04),
(8840, 7340, 9790, 20221210, 3, 470.13),
(8849, 5156, 8448, 20220414, 1, 45.53),
(8857, 7007, 9332, 20220710, 7, 261.10),
(8860, 3465, 9849, 20220613, 9, 1245.24),
(8866, 7354, 484, 20221019, 1, 126.97),
(8887, 8647, 8102, 20220309, 6, 634.80),
(8891, 7676, 2258, 20221018, 6, 272.88),
(8903, 3021, 2971, 20220817, 7, 210.35),
(8909, 9163, 3909, 20221018, 3, 133.92),
(8945, 6888, 1881, 20220130, 10, 1892.30),
(8946, 8949, 8102, 20220217, 5, 529.00),
(8947, 5887, 7906, 20220819, 7, 101.22),
(8966, 2696, 7906, 20221125, 1, 14.46),
(8969, 2872, 748, 20220623, 7, 759.43),
(8973, 9935, 5032, 20220902, 1, 102.06),
(8992, 8910, 8390, 20221130, 3, 184.98),
(8999, 3248, 1248, 20220828, 9, 1731.06),
(9019, 4503, 611, 20220905, 10, 931.30),
(9035, 8873, 1810, 20221004, 9, 1186.20),
(9045, 5192, 3909, 20220905, 6, 267.84),
(9069, 8313, 1810, 20220409, 9, 1186.20),
(9083, 4503, 2953, 20220129, 8, 1306.08),
(9084, 8899, 9260, 20220802, 3, 461.88),
(9096, 7654, 9495, 20220208, 9, 925.29),
(9102, 2286, 8448, 20221006, 2, 91.06),
(9124, 6089, 611, 20220810, 6, 558.78),
(9127, 2452, 3553, 20220908, 8, 1433.60),
(9135, 5240, 607, 20220721, 7, 994.00),
(9142, 2629, 7906, 20220426, 7, 101.22),
(9150, 7340, 748, 20220111, 6, 650.94),
(9169, 9007, 2971, 20220806, 1, 30.05),
(9194, 6026, 8790, 20220803, 1, 83.64),
(9203, 8780, 1881, 20220409, 10, 1892.30),
(9233, 5579, 748, 20221101, 2, 216.98),
(9237, 1749, 1810, 20221210, 8, 1054.40),
(9239, 168, 8951, 20220222, 6, 191.34),
(9240, 9658, 173, 20220914, 5, 285.85),
(9275, 6615, 937, 20221001, 6, 993.42),
(9289, 8143, 7564, 20221219, 1, 185.83),
(9292, 8780, 5698, 20220919, 6, 139.56),
(9294, 724, 5698, 20220102, 4, 93.04),
(9299, 8313, 9790, 20220602, 7, 1096.97),
(9308, 9953, 7594, 20220121, 3, 366.63),
(9316, 4036, 484, 20220517, 3, 380.91),
(9327, 9935, 8420, 20220819, 10, 1119.00),
(9328, 3657, 484, 20220525, 4, 507.88),
(9333, 4194, 484, 20220603, 1, 126.97),
(9339, 1683, 1810, 20220827, 10, 1318.00),
(9341, 1749, 2258, 20220913, 5, 227.40),
(9342, 8240, 484, 20220102, 5, 634.85),
(9347, 9331, 6843, 20220121, 3, 311.31),
(9356, 8366, 956, 20220502, 4, 559.68),
(9359, 724, 2971, 20220108, 1, 30.05),
(9368, 4503, 6822, 20220703, 1, 130.45),
(9382, 6932, 9790, 20220321, 10, 1567.10),
(9394, 7066, 9495, 20220311, 3, 308.43),
(9403, 4194, 7906, 20220309, 6, 86.76),
(9416, 7326, 1881, 20221020, 4, 756.92),
(9437, 274, 956, 20221129, 7, 979.44),
(9445, 5376, 9622, 20220812, 1, 76.54),
(9455, 8953, 7906, 20220926, 10, 144.60),
(9456, 8143, 4282, 20220318, 1, 176.68),
(9458, 367, 8951, 20220524, 5, 159.45),
(9467, 8366, 607, 20220721, 10, 1420.00),
(9494, 8150, 5698, 20220626, 7, 162.82),
(9499, 3782, 1810, 20220205, 1, 131.80),
(9501, 3227, 484, 20220121, 8, 1015.76),
(9509, 3429, 4282, 20220427, 2, 353.36),
(9529, 8060, 1213, 20220714, 8, 1173.36),
(9556, 911, 1810, 20220116, 3, 395.40),
(9557, 8780, 1248, 20220321, 6, 1154.04),
(9575, 8993, 7612, 20220317, 8, 590.24),
(9576, 1050, 8390, 20221213, 5, 308.30),
(9579, 7744, 2971, 20220315, 2, 60.10),
(9580, 6333, 956, 20220511, 2, 279.84),
(9598, 6459, 8448, 20220728, 1, 45.53),
(9608, 1036, 937, 20220113, 5, 827.85),
(9609, 751, 7594, 20220429, 6, 733.26),
(9632, 6322, 9790, 20221129, 4, 626.84),
(9648, 4831, 1213, 20220819, 10, 1466.70),
(9670, 8143, 5032, 20220307, 2, 204.12),
(9684, 6029, 6822, 20220916, 1, 130.45),
(9685, 6637, 9790, 20220814, 1, 156.71),
(9687, 2696, 8448, 20221024, 3, 136.59),
(9689, 9198, 2799, 20220506, 3, 207.60),
(9701, 5940, 1248, 20220904, 4, 769.36),
(9704, 3546, 9028, 20220109, 8, 329.84),
(9705, 7335, 1881, 20221218, 3, 567.69),
(9747, 8023, 8390, 20220503, 7, 431.62),
(9749, 1554, 748, 20221019, 2, 216.98),
(9765, 6185, 2258, 20220711, 3, 136.44),
(9766, 3546, 1591, 20221230, 2, 322.88),
(9769, 7253, 1591, 20220214, 5, 807.20),
(9788, 7335, 484, 20220328, 4, 507.88),
(9799, 3227, 1810, 20220317, 8, 1054.40),
(9807, 6637, 7906, 20220425, 3, 43.38),
(9809, 4004, 2971, 20220427, 3, 90.15),
(9834, 3610, 1248, 20220703, 6, 1154.04),
(9836, 4169, 7594, 20220522, 9, 1099.89),
(9851, 2587, 8951, 20220607, 6, 191.34),
(9856, 3519, 2949, 20220611, 2, 187.86),
(9860, 8780, 2799, 20220109, 7, 484.40),
(9876, 9666, 3553, 20220109, 4, 716.80),
(9877, 7568, 7564, 20220821, 3, 557.49),
(9878, 7568, 8772, 20220621, 4, 181.76),
(9880, 7066, 9957, 20220530, 6, 613.80),
(9893, 3782, 8772, 20220926, 5, 227.20),
(9897, 6922, 4282, 20221018, 6, 1060.08),
(9907, 9658, 9622, 20220424, 1, 76.54),
(9914, 8313, 9622, 20220927, 10, 765.40),
(9963, 8060, 2953, 20220716, 7, 1142.82),
(9965, 2301, 9790, 20220817, 9, 1410.39),
(9972, 3621, 9957, 20220923, 2, 204.60),
(9980, 751, 8772, 20220625, 1, 45.44);

--
-- Indexes for dumped tables
--

--
-- Indexes for table `customer_dim`
--
ALTER TABLE `customer_dim`
  ADD PRIMARY KEY (`customer_id`);

--
-- Indexes for table `date_dim`
--
ALTER TABLE `date_dim`
  ADD PRIMARY KEY (`date_id`);

--
-- Indexes for table `product_dim`
--
ALTER TABLE `product_dim`
  ADD PRIMARY KEY (`product_id`);

--
-- Indexes for table `sales_fact`
--
ALTER TABLE `sales_fact`
  ADD PRIMARY KEY (`sale_id`),
  ADD KEY `customer_id` (`customer_id`),
  ADD KEY `product_id` (`product_id`),
  ADD KEY `date_id` (`date_id`);

--
-- Constraints for dumped tables
--

--
-- Constraints for table `sales_fact`
--
ALTER TABLE `sales_fact`
  ADD CONSTRAINT `sales_fact_ibfk_1` FOREIGN KEY (`customer_id`) REFERENCES `customer_dim` (`customer_id`),
  ADD CONSTRAINT `sales_fact_ibfk_2` FOREIGN KEY (`product_id`) REFERENCES `product_dim` (`product_id`),
  ADD CONSTRAINT `sales_fact_ibfk_3` FOREIGN KEY (`date_id`) REFERENCES `date_dim` (`date_id`);
COMMIT;

/*!40101 SET CHARACTER_SET_CLIENT=@OLD_CHARACTER_SET_CLIENT */;
/*!40101 SET CHARACTER_SET_RESULTS=@OLD_CHARACTER_SET_RESULTS */;
/*!40101 SET COLLATION_CONNECTION=@OLD_COLLATION_CONNECTION */;
